{"@timestamp":"2026-05-02T17:43:55.7968144+02:00","@version":"1","message":"Commencing graceful shutdown. Waiting for active requests to complete","logger_name":"org.springframework.boot.web.embedded.tomcat.GracefulShutdown","thread_name":"SpringApplicationShutdownHook","level":"INFO","level_value":20000}
{"@timestamp":"2026-05-02T17:43:55.823907+02:00","@version":"1","message":"Graceful shutdown complete","logger_name":"org.springframework.boot.web.embedded.tomcat.GracefulShutdown","thread_name":"tomcat-shutdown","level":"INFO","level_value":20000}
{"@timestamp":"2026-05-02T17:43:55.8295062+02:00","@version":"1","message":"Closing JPA EntityManagerFactory for persistence unit 'default'","logger_name":"org.springframework.orm.jpa.LocalContainerEntityManagerFactoryBean","thread_name":"SpringApplicationShutdownHook","level":"INFO","level_value":20000}
{"@timestamp":"2026-05-02T17:43:55.8325088+02:00","@version":"1","message":"HikariPool-1 - Shutdown initiated...","logger_name":"com.zaxxer.hikari.HikariDataSource","thread_name":"SpringApplicationShutdownHook","level":"INFO","level_value":20000}
{"@timestamp":"2026-05-02T17:43:55.8349895+02:00","@version":"1","message":"HikariPool-1 - Shutdown completed.","logger_name":"com.zaxxer.hikari.HikariDataSource","thread_name":"SpringApplicationShutdownHook","level":"INFO","level_value":20000}
{"@timestamp":"2026-05-02T17:43:58.4664387+02:00","@version":"1","message":"HV000001: Hibernate Validator 8.0.3.Final","logger_name":"org.hibernate.validator.internal.util.Version","thread_name":"background-preinit","level":"INFO","level_value":20000}
{"@timestamp":"2026-05-02T17:43:58.5166543+02:00","@version":"1","message":"Starting Application using Java 21.0.7 with PID 14196 (C:\\Users\\joris\\Documents\\GitHub\\Application-Security\\Team-20\\back-end\\target\\classes started by joris in C:\\Users\\joris\\Documents\\GitHub\\Application-Security\\Team-20\\back-end)","logger_name":"be.ucll.fs.project.Application","thread_name":"main","level":"INFO","level_value":20000}
{"@timestamp":"2026-05-02T17:43:58.5176567+02:00","@version":"1","message":"No active profile set, falling back to 1 default profile: \"default\"","logger_name":"be.ucll.fs.project.Application","thread_name":"main","level":"INFO","level_value":20000}
{"@timestamp":"2026-05-02T17:43:59.2587657+02:00","@version":"1","message":"Bootstrapping Spring Data JPA repositories in DEFAULT mode.","logger_name":"org.springframework.data.repository.config.RepositoryConfigurationDelegate","thread_name":"main","level":"INFO","level_value":20000}
{"@timestamp":"2026-05-02T17:43:59.3124037+02:00","@version":"1","message":"Finished Spring Data repository scanning in 43 ms. Found 4 JPA repository interfaces.","logger_name":"org.springframework.data.repository.config.RepositoryConfigurationDelegate","thread_name":"main","level":"INFO","level_value":20000}
{"@timestamp":"2026-05-02T17:43:59.7886456+02:00","@version":"1","message":"Tomcat initialized with port 3000 (http)","logger_name":"org.springframework.boot.web.embedded.tomcat.TomcatWebServer","thread_name":"main","level":"INFO","level_value":20000}
{"@timestamp":"2026-05-02T17:43:59.7993927+02:00","@version":"1","message":"Initializing ProtocolHandler [\"http-nio-3000\"]","logger_name":"org.apache.coyote.http11.Http11NioProtocol","thread_name":"main","level":"INFO","level_value":20000}
{"@timestamp":"2026-05-02T17:43:59.8003913+02:00","@version":"1","message":"Starting service [Tomcat]","logger_name":"org.apache.catalina.core.StandardService","thread_name":"main","level":"INFO","level_value":20000}
{"@timestamp":"2026-05-02T17:43:59.8013927+02:00","@version":"1","message":"Starting Servlet engine: [Apache Tomcat/10.1.44]","logger_name":"org.apache.catalina.core.StandardEngine","thread_name":"main","level":"INFO","level_value":20000}
{"@timestamp":"2026-05-02T17:43:59.8617835+02:00","@version":"1","message":"Initializing Spring embedded WebApplicationContext","logger_name":"org.apache.catalina.core.ContainerBase.[Tomcat].[localhost].[/]","thread_name":"main","level":"INFO","level_value":20000}
{"@timestamp":"2026-05-02T17:43:59.8627821+02:00","@version":"1","message":"Root WebApplicationContext: initialization completed in 1301 ms","logger_name":"org.springframework.boot.web.servlet.context.ServletWebServerApplicationContext","thread_name":"main","level":"INFO","level_value":20000}
{"@timestamp":"2026-05-02T17:43:59.9661682+02:00","@version":"1","message":"HikariPool-1 - Starting...","logger_name":"com.zaxxer.hikari.HikariDataSource","thread_name":"main","level":"INFO","level_value":20000}
{"@timestamp":"2026-05-02T17:44:00.122445+02:00","@version":"1","message":"HikariPool-1 - Added connection org.postgresql.jdbc.PgConnection@32ba5c65","logger_name":"com.zaxxer.hikari.pool.HikariPool","thread_name":"main","level":"INFO","level_value":20000}
{"@timestamp":"2026-05-02T17:44:00.1234445+02:00","@version":"1","message":"HikariPool-1 - Start completed.","logger_name":"com.zaxxer.hikari.HikariDataSource","thread_name":"main","level":"INFO","level_value":20000}
{"@timestamp":"2026-05-02T17:44:00.2801257+02:00","@version":"1","message":"HHH000204: Processing PersistenceUnitInfo [name: default]","logger_name":"org.hibernate.jpa.internal.util.LogHelper","thread_name":"main","level":"INFO","level_value":20000}
{"@timestamp":"2026-05-02T17:44:00.3368838+02:00","@version":"1","message":"HHH000412: Hibernate ORM core version 6.6.26.Final","logger_name":"org.hibernate.Version","thread_name":"main","level":"INFO","level_value":20000}
{"@timestamp":"2026-05-02T17:44:00.3723587+02:00","@version":"1","message":"HHH000026: Second-level cache disabled","logger_name":"org.hibernate.cache.internal.RegionFactoryInitiator","thread_name":"main","level":"INFO","level_value":20000}
{"@timestamp":"2026-05-02T17:44:00.6239841+02:00","@version":"1","message":"No LoadTimeWeaver setup: ignoring JPA class transformer","logger_name":"org.springframework.orm.jpa.persistenceunit.SpringPersistenceUnitInfo","thread_name":"main","level":"INFO","level_value":20000}
{"@timestamp":"2026-05-02T17:44:00.7058831+02:00","@version":"1","message":"HHH10001005: Database info:\n\tDatabase JDBC URL [Connecting through datasource 'HikariDataSource (HikariPool-1)']\n\tDatabase driver: undefined/unknown\n\tDatabase version: 18.1\n\tAutocommit mode: undefined/unknown\n\tIsolation level: undefined/unknown\n\tMinimum pool size: undefined/unknown\n\tMaximum pool size: undefined/unknown","logger_name":"org.hibernate.orm.connections.pooling","thread_name":"main","level":"INFO","level_value":20000}
{"@timestamp":"2026-05-02T17:44:01.3838828+02:00","@version":"1","message":"HHH000489: No JTA platform available (set 'hibernate.transaction.jta.platform' to enable JTA platform integration)","logger_name":"org.hibernate.engine.transaction.jta.platform.internal.JtaPlatformInitiator","thread_name":"main","level":"INFO","level_value":20000}
{"@timestamp":"2026-05-02T17:44:01.3868847+02:00","@version":"1","message":"Initialized JPA EntityManagerFactory for persistence unit 'default'","logger_name":"org.springframework.orm.jpa.LocalContainerEntityManagerFactoryBean","thread_name":"main","level":"INFO","level_value":20000}
{"@timestamp":"2026-05-02T17:44:01.6903401+02:00","@version":"1","message":"Global AuthenticationManager configured with UserDetailsService bean with name userDetailsServiceImpl","logger_name":"org.springframework.security.config.annotation.authentication.configuration.InitializeUserDetailsBeanManagerConfigurer$InitializeUserDetailsManagerConfigurer","thread_name":"main","level":"INFO","level_value":20000}
{"@timestamp":"2026-05-02T17:44:01.7003588+02:00","@version":"1","message":"No secret key configured, generating a random key.","logger_name":"be.ucll.fs.project.config.SecurityConfig","thread_name":"main","level":"WARN","level_value":30000}
{"@timestamp":"2026-05-02T17:44:04.0860955+02:00","@version":"1","message":"H2 console available at '/h2-console'. Database available at 'jdbc:postgresql://localhost:5432/db-project-groep-3-13'","logger_name":"org.springframework.boot.autoconfigure.h2.H2ConsoleAutoConfiguration","thread_name":"main","level":"INFO","level_value":20000}
{"@timestamp":"2026-05-02T17:44:04.167299+02:00","@version":"1","message":"Starting ProtocolHandler [\"http-nio-3000\"]","logger_name":"org.apache.coyote.http11.Http11NioProtocol","thread_name":"main","level":"INFO","level_value":20000}
{"@timestamp":"2026-05-02T17:44:04.1839889+02:00","@version":"1","message":"Tomcat started on port 3000 (http) with context path '/'","logger_name":"org.springframework.boot.web.embedded.tomcat.TomcatWebServer","thread_name":"main","level":"INFO","level_value":20000}
{"@timestamp":"2026-05-02T17:44:04.1930938+02:00","@version":"1","message":"Started Application in 6.245 seconds (process running for 6.68)","logger_name":"be.ucll.fs.project.Application","thread_name":"main","level":"INFO","level_value":20000}
{"@timestamp":"2026-05-02T17:44:09.9043546+02:00","@version":"1","message":"Initializing Spring DispatcherServlet 'dispatcherServlet'","logger_name":"org.apache.catalina.core.ContainerBase.[Tomcat].[localhost].[/]","thread_name":"http-nio-3000-exec-1","level":"INFO","level_value":20000}
{"@timestamp":"2026-05-02T17:44:09.9053536+02:00","@version":"1","message":"Initializing Servlet 'dispatcherServlet'","logger_name":"org.springframework.web.servlet.DispatcherServlet","thread_name":"http-nio-3000-exec-1","level":"INFO","level_value":20000}
{"@timestamp":"2026-05-02T17:44:09.9063542+02:00","@version":"1","message":"Completed initialization in 1 ms","logger_name":"org.springframework.web.servlet.DispatcherServlet","thread_name":"http-nio-3000-exec-1","level":"INFO","level_value":20000}
{"@timestamp":"2026-05-02T17:44:10.8007636+02:00","@version":"1","message":"Init duration for springdoc-openapi is: 592 ms","logger_name":"org.springdoc.api.AbstractOpenApiResource","thread_name":"http-nio-3000-exec-8","level":"INFO","level_value":20000}
{"@timestamp":"2026-05-02T17:48:14.7473839+02:00","@version":"1","message":"Commencing graceful shutdown. Waiting for active requests to complete","logger_name":"org.springframework.boot.web.embedded.tomcat.GracefulShutdown","thread_name":"SpringApplicationShutdownHook","level":"INFO","level_value":20000}
{"@timestamp":"2026-05-02T17:48:14.772427+02:00","@version":"1","message":"Graceful shutdown complete","logger_name":"org.springframework.boot.web.embedded.tomcat.GracefulShutdown","thread_name":"tomcat-shutdown","level":"INFO","level_value":20000}
{"@timestamp":"2026-05-02T17:48:14.7774214+02:00","@version":"1","message":"Closing JPA EntityManagerFactory for persistence unit 'default'","logger_name":"org.springframework.orm.jpa.LocalContainerEntityManagerFactoryBean","thread_name":"SpringApplicationShutdownHook","level":"INFO","level_value":20000}
{"@timestamp":"2026-05-02T17:48:14.7784227+02:00","@version":"1","message":"HikariPool-1 - Shutdown initiated...","logger_name":"com.zaxxer.hikari.HikariDataSource","thread_name":"SpringApplicationShutdownHook","level":"INFO","level_value":20000}
{"@timestamp":"2026-05-02T17:48:14.7804241+02:00","@version":"1","message":"HikariPool-1 - Shutdown completed.","logger_name":"com.zaxxer.hikari.HikariDataSource","thread_name":"SpringApplicationShutdownHook","level":"INFO","level_value":20000}
{"@timestamp":"2026-05-02T18:11:55.6217892+02:00","@version":"1","message":"HV000001: Hibernate Validator 8.0.3.Final","logger_name":"org.hibernate.validator.internal.util.Version","thread_name":"background-preinit","level":"INFO","level_value":20000}
{"@timestamp":"2026-05-02T18:11:55.686812+02:00","@version":"1","message":"Starting Application using Java 21.0.7 with PID 9404 (C:\\Users\\joris\\Documents\\GitHub\\Application-Security\\Team-20\\back-end\\target\\classes started by joris in C:\\Users\\joris\\Documents\\GitHub\\Application-Security\\Team-20\\back-end)","logger_name":"be.ucll.fs.project.Application","thread_name":"main","level":"INFO","level_value":20000}
{"@timestamp":"2026-05-02T18:11:55.686812+02:00","@version":"1","message":"No active profile set, falling back to 1 default profile: \"default\"","logger_name":"be.ucll.fs.project.Application","thread_name":"main","level":"INFO","level_value":20000}
{"@timestamp":"2026-05-02T18:11:56.6976336+02:00","@version":"1","message":"Bootstrapping Spring Data JPA repositories in DEFAULT mode.","logger_name":"org.springframework.data.repository.config.RepositoryConfigurationDelegate","thread_name":"main","level":"INFO","level_value":20000}
{"@timestamp":"2026-05-02T18:11:56.7825412+02:00","@version":"1","message":"Finished Spring Data repository scanning in 70 ms. Found 4 JPA repository interfaces.","logger_name":"org.springframework.data.repository.config.RepositoryConfigurationDelegate","thread_name":"main","level":"INFO","level_value":20000}
{"@timestamp":"2026-05-02T18:11:57.3830596+02:00","@version":"1","message":"Tomcat initialized with port 3000 (http)","logger_name":"org.springframework.boot.web.embedded.tomcat.TomcatWebServer","thread_name":"main","level":"INFO","level_value":20000}
{"@timestamp":"2026-05-02T18:11:57.3940051+02:00","@version":"1","message":"Initializing ProtocolHandler [\"http-nio-3000\"]","logger_name":"org.apache.coyote.http11.Http11NioProtocol","thread_name":"main","level":"INFO","level_value":20000}
{"@timestamp":"2026-05-02T18:11:57.3960043+02:00","@version":"1","message":"Starting service [Tomcat]","logger_name":"org.apache.catalina.core.StandardService","thread_name":"main","level":"INFO","level_value":20000}
{"@timestamp":"2026-05-02T18:11:57.3960043+02:00","@version":"1","message":"Starting Servlet engine: [Apache Tomcat/10.1.44]","logger_name":"org.apache.catalina.core.StandardEngine","thread_name":"main","level":"INFO","level_value":20000}
{"@timestamp":"2026-05-02T18:11:57.4540547+02:00","@version":"1","message":"Initializing Spring embedded WebApplicationContext","logger_name":"org.apache.catalina.core.ContainerBase.[Tomcat].[localhost].[/]","thread_name":"main","level":"INFO","level_value":20000}
{"@timestamp":"2026-05-02T18:11:57.4550594+02:00","@version":"1","message":"Root WebApplicationContext: initialization completed in 1720 ms","logger_name":"org.springframework.boot.web.servlet.context.ServletWebServerApplicationContext","thread_name":"main","level":"INFO","level_value":20000}
{"@timestamp":"2026-05-02T18:11:57.5704207+02:00","@version":"1","message":"HikariPool-1 - Starting...","logger_name":"com.zaxxer.hikari.HikariDataSource","thread_name":"main","level":"INFO","level_value":20000}
{"@timestamp":"2026-05-02T18:11:57.7387357+02:00","@version":"1","message":"HikariPool-1 - Added connection org.postgresql.jdbc.PgConnection@1488a861","logger_name":"com.zaxxer.hikari.pool.HikariPool","thread_name":"main","level":"INFO","level_value":20000}
{"@timestamp":"2026-05-02T18:11:57.7402979+02:00","@version":"1","message":"HikariPool-1 - Start completed.","logger_name":"com.zaxxer.hikari.HikariDataSource","thread_name":"main","level":"INFO","level_value":20000}
{"@timestamp":"2026-05-02T18:11:57.8808303+02:00","@version":"1","message":"HHH000204: Processing PersistenceUnitInfo [name: default]","logger_name":"org.hibernate.jpa.internal.util.LogHelper","thread_name":"main","level":"INFO","level_value":20000}
{"@timestamp":"2026-05-02T18:11:57.9407691+02:00","@version":"1","message":"HHH000412: Hibernate ORM core version 6.6.26.Final","logger_name":"org.hibernate.Version","thread_name":"main","level":"INFO","level_value":20000}
{"@timestamp":"2026-05-02T18:11:57.974934+02:00","@version":"1","message":"HHH000026: Second-level cache disabled","logger_name":"org.hibernate.cache.internal.RegionFactoryInitiator","thread_name":"main","level":"INFO","level_value":20000}
{"@timestamp":"2026-05-02T18:11:58.2139905+02:00","@version":"1","message":"No LoadTimeWeaver setup: ignoring JPA class transformer","logger_name":"org.springframework.orm.jpa.persistenceunit.SpringPersistenceUnitInfo","thread_name":"main","level":"INFO","level_value":20000}
{"@timestamp":"2026-05-02T18:11:58.300633+02:00","@version":"1","message":"HHH10001005: Database info:\n\tDatabase JDBC URL [Connecting through datasource 'HikariDataSource (HikariPool-1)']\n\tDatabase driver: undefined/unknown\n\tDatabase version: 18.1\n\tAutocommit mode: undefined/unknown\n\tIsolation level: undefined/unknown\n\tMinimum pool size: undefined/unknown\n\tMaximum pool size: undefined/unknown","logger_name":"org.hibernate.orm.connections.pooling","thread_name":"main","level":"INFO","level_value":20000}
{"@timestamp":"2026-05-02T18:11:59.1847703+02:00","@version":"1","message":"HHH000489: No JTA platform available (set 'hibernate.transaction.jta.platform' to enable JTA platform integration)","logger_name":"org.hibernate.engine.transaction.jta.platform.internal.JtaPlatformInitiator","thread_name":"main","level":"INFO","level_value":20000}
{"@timestamp":"2026-05-02T18:11:59.1872817+02:00","@version":"1","message":"Initialized JPA EntityManagerFactory for persistence unit 'default'","logger_name":"org.springframework.orm.jpa.LocalContainerEntityManagerFactoryBean","thread_name":"main","level":"INFO","level_value":20000}
{"@timestamp":"2026-05-02T18:11:59.529066+02:00","@version":"1","message":"Global AuthenticationManager configured with UserDetailsService bean with name userDetailsServiceImpl","logger_name":"org.springframework.security.config.annotation.authentication.configuration.InitializeUserDetailsBeanManagerConfigurer$InitializeUserDetailsManagerConfigurer","thread_name":"main","level":"INFO","level_value":20000}
{"@timestamp":"2026-05-02T18:11:59.538443+02:00","@version":"1","message":"No secret key configured, generating a random key.","logger_name":"be.ucll.fs.project.config.SecurityConfig","thread_name":"main","level":"WARN","level_value":30000}
{"@timestamp":"2026-05-02T18:12:01.9151979+02:00","@version":"1","message":"H2 console available at '/h2-console'. Database available at 'jdbc:postgresql://localhost:5432/db-project-groep-3-13'","logger_name":"org.springframework.boot.autoconfigure.h2.H2ConsoleAutoConfiguration","thread_name":"main","level":"INFO","level_value":20000}
{"@timestamp":"2026-05-02T18:12:02.0112193+02:00","@version":"1","message":"Starting ProtocolHandler [\"http-nio-3000\"]","logger_name":"org.apache.coyote.http11.Http11NioProtocol","thread_name":"main","level":"INFO","level_value":20000}
{"@timestamp":"2026-05-02T18:12:02.0344107+02:00","@version":"1","message":"Tomcat started on port 3000 (http) with context path '/'","logger_name":"org.springframework.boot.web.embedded.tomcat.TomcatWebServer","thread_name":"main","level":"INFO","level_value":20000}
{"@timestamp":"2026-05-02T18:12:02.0463627+02:00","@version":"1","message":"Started Application in 7.046 seconds (process running for 7.594)","logger_name":"be.ucll.fs.project.Application","thread_name":"main","level":"INFO","level_value":20000}
{"@timestamp":"2026-05-02T18:15:06.1120855+02:00","@version":"1","message":"Commencing graceful shutdown. Waiting for active requests to complete","logger_name":"org.springframework.boot.web.embedded.tomcat.GracefulShutdown","thread_name":"SpringApplicationShutdownHook","level":"INFO","level_value":20000}
{"@timestamp":"2026-05-02T18:15:06.1391496+02:00","@version":"1","message":"Graceful shutdown complete","logger_name":"org.springframework.boot.web.embedded.tomcat.GracefulShutdown","thread_name":"tomcat-shutdown","level":"INFO","level_value":20000}
{"@timestamp":"2026-05-02T18:15:06.1436573+02:00","@version":"1","message":"Closing JPA EntityManagerFactory for persistence unit 'default'","logger_name":"org.springframework.orm.jpa.LocalContainerEntityManagerFactoryBean","thread_name":"SpringApplicationShutdownHook","level":"INFO","level_value":20000}
{"@timestamp":"2026-05-02T18:15:06.1446798+02:00","@version":"1","message":"HikariPool-1 - Shutdown initiated...","logger_name":"com.zaxxer.hikari.HikariDataSource","thread_name":"SpringApplicationShutdownHook","level":"INFO","level_value":20000}
{"@timestamp":"2026-05-02T18:15:06.1472313+02:00","@version":"1","message":"HikariPool-1 - Shutdown completed.","logger_name":"com.zaxxer.hikari.HikariDataSource","thread_name":"SpringApplicationShutdownHook","level":"INFO","level_value":20000}
{"@timestamp":"2026-05-02T18:17:11.0319256+02:00","@version":"1","message":"HV000001: Hibernate Validator 8.0.3.Final","logger_name":"org.hibernate.validator.internal.util.Version","thread_name":"background-preinit","level":"INFO","level_value":20000}
{"@timestamp":"2026-05-02T18:17:11.0797438+02:00","@version":"1","message":"Starting Application using Java 21.0.7 with PID 23392 (C:\\Users\\joris\\Documents\\GitHub\\Application-Security\\Team-20\\back-end\\target\\classes started by joris in C:\\Users\\joris\\Documents\\GitHub\\Application-Security\\Team-20\\back-end)","logger_name":"be.ucll.fs.project.Application","thread_name":"main","level":"INFO","level_value":20000}
{"@timestamp":"2026-05-02T18:17:11.0807504+02:00","@version":"1","message":"No active profile set, falling back to 1 default profile: \"default\"","logger_name":"be.ucll.fs.project.Application","thread_name":"main","level":"INFO","level_value":20000}
{"@timestamp":"2026-05-02T18:17:11.804279+02:00","@version":"1","message":"Bootstrapping Spring Data JPA repositories in DEFAULT mode.","logger_name":"org.springframework.data.repository.config.RepositoryConfigurationDelegate","thread_name":"main","level":"INFO","level_value":20000}
{"@timestamp":"2026-05-02T18:17:11.8628568+02:00","@version":"1","message":"Finished Spring Data repository scanning in 45 ms. Found 4 JPA repository interfaces.","logger_name":"org.springframework.data.repository.config.RepositoryConfigurationDelegate","thread_name":"main","level":"INFO","level_value":20000}
{"@timestamp":"2026-05-02T18:17:12.3858498+02:00","@version":"1","message":"Tomcat initialized with port 3000 (http)","logger_name":"org.springframework.boot.web.embedded.tomcat.TomcatWebServer","thread_name":"main","level":"INFO","level_value":20000}
{"@timestamp":"2026-05-02T18:17:12.3986989+02:00","@version":"1","message":"Initializing ProtocolHandler [\"http-nio-3000\"]","logger_name":"org.apache.coyote.http11.Http11NioProtocol","thread_name":"main","level":"INFO","level_value":20000}
{"@timestamp":"2026-05-02T18:17:12.40021+02:00","@version":"1","message":"Starting service [Tomcat]","logger_name":"org.apache.catalina.core.StandardService","thread_name":"main","level":"INFO","level_value":20000}
{"@timestamp":"2026-05-02T18:17:12.40021+02:00","@version":"1","message":"Starting Servlet engine: [Apache Tomcat/10.1.44]","logger_name":"org.apache.catalina.core.StandardEngine","thread_name":"main","level":"INFO","level_value":20000}
{"@timestamp":"2026-05-02T18:17:12.4655677+02:00","@version":"1","message":"Initializing Spring embedded WebApplicationContext","logger_name":"org.apache.catalina.core.ContainerBase.[Tomcat].[localhost].[/]","thread_name":"main","level":"INFO","level_value":20000}
{"@timestamp":"2026-05-02T18:17:12.4679103+02:00","@version":"1","message":"Root WebApplicationContext: initialization completed in 1344 ms","logger_name":"org.springframework.boot.web.servlet.context.ServletWebServerApplicationContext","thread_name":"main","level":"INFO","level_value":20000}
{"@timestamp":"2026-05-02T18:17:12.5825198+02:00","@version":"1","message":"HikariPool-1 - Starting...","logger_name":"com.zaxxer.hikari.HikariDataSource","thread_name":"main","level":"INFO","level_value":20000}
{"@timestamp":"2026-05-02T18:17:12.8310483+02:00","@version":"1","message":"HikariPool-1 - Added connection org.postgresql.jdbc.PgConnection@1488a861","logger_name":"com.zaxxer.hikari.pool.HikariPool","thread_name":"main","level":"INFO","level_value":20000}
{"@timestamp":"2026-05-02T18:17:12.8325573+02:00","@version":"1","message":"HikariPool-1 - Start completed.","logger_name":"com.zaxxer.hikari.HikariDataSource","thread_name":"main","level":"INFO","level_value":20000}
{"@timestamp":"2026-05-02T18:17:12.9673252+02:00","@version":"1","message":"HHH000204: Processing PersistenceUnitInfo [name: default]","logger_name":"org.hibernate.jpa.internal.util.LogHelper","thread_name":"main","level":"INFO","level_value":20000}
{"@timestamp":"2026-05-02T18:17:13.0228079+02:00","@version":"1","message":"HHH000412: Hibernate ORM core version 6.6.26.Final","logger_name":"org.hibernate.Version","thread_name":"main","level":"INFO","level_value":20000}
{"@timestamp":"2026-05-02T18:17:13.0604079+02:00","@version":"1","message":"HHH000026: Second-level cache disabled","logger_name":"org.hibernate.cache.internal.RegionFactoryInitiator","thread_name":"main","level":"INFO","level_value":20000}
{"@timestamp":"2026-05-02T18:17:13.2831324+02:00","@version":"1","message":"No LoadTimeWeaver setup: ignoring JPA class transformer","logger_name":"org.springframework.orm.jpa.persistenceunit.SpringPersistenceUnitInfo","thread_name":"main","level":"INFO","level_value":20000}
{"@timestamp":"2026-05-02T18:17:13.3600704+02:00","@version":"1","message":"HHH10001005: Database info:\n\tDatabase JDBC URL [Connecting through datasource 'HikariDataSource (HikariPool-1)']\n\tDatabase driver: undefined/unknown\n\tDatabase version: 18.1\n\tAutocommit mode: undefined/unknown\n\tIsolation level: undefined/unknown\n\tMinimum pool size: undefined/unknown\n\tMaximum pool size: undefined/unknown","logger_name":"org.hibernate.orm.connections.pooling","thread_name":"main","level":"INFO","level_value":20000}
{"@timestamp":"2026-05-02T18:17:14.0757764+02:00","@version":"1","message":"HHH000489: No JTA platform available (set 'hibernate.transaction.jta.platform' to enable JTA platform integration)","logger_name":"org.hibernate.engine.transaction.jta.platform.internal.JtaPlatformInitiator","thread_name":"main","level":"INFO","level_value":20000}
{"@timestamp":"2026-05-02T18:17:14.0792655+02:00","@version":"1","message":"Initialized JPA EntityManagerFactory for persistence unit 'default'","logger_name":"org.springframework.orm.jpa.LocalContainerEntityManagerFactoryBean","thread_name":"main","level":"INFO","level_value":20000}
{"@timestamp":"2026-05-02T18:17:14.3961607+02:00","@version":"1","message":"Global AuthenticationManager configured with UserDetailsService bean with name userDetailsServiceImpl","logger_name":"org.springframework.security.config.annotation.authentication.configuration.InitializeUserDetailsBeanManagerConfigurer$InitializeUserDetailsManagerConfigurer","thread_name":"main","level":"INFO","level_value":20000}
{"@timestamp":"2026-05-02T18:17:14.4060693+02:00","@version":"1","message":"No secret key configured, generating a random key.","logger_name":"be.ucll.fs.project.config.SecurityConfig","thread_name":"main","level":"WARN","level_value":30000}
{"@timestamp":"2026-05-02T18:17:16.7248494+02:00","@version":"1","message":"H2 console available at '/h2-console'. Database available at 'jdbc:postgresql://localhost:5432/db-project-groep-3-13'","logger_name":"org.springframework.boot.autoconfigure.h2.H2ConsoleAutoConfiguration","thread_name":"main","level":"INFO","level_value":20000}
{"@timestamp":"2026-05-02T18:17:16.8060056+02:00","@version":"1","message":"Starting ProtocolHandler [\"http-nio-3000\"]","logger_name":"org.apache.coyote.http11.Http11NioProtocol","thread_name":"main","level":"INFO","level_value":20000}
{"@timestamp":"2026-05-02T18:17:16.8284324+02:00","@version":"1","message":"Tomcat started on port 3000 (http) with context path '/'","logger_name":"org.springframework.boot.web.embedded.tomcat.TomcatWebServer","thread_name":"main","level":"INFO","level_value":20000}
{"@timestamp":"2026-05-02T18:17:16.8419622+02:00","@version":"1","message":"Started Application in 6.332 seconds (process running for 6.797)","logger_name":"be.ucll.fs.project.Application","thread_name":"main","level":"INFO","level_value":20000}
{"@timestamp":"2026-05-02T18:22:25.7526915+02:00","@version":"1","message":"Commencing graceful shutdown. Waiting for active requests to complete","logger_name":"org.springframework.boot.web.embedded.tomcat.GracefulShutdown","thread_name":"SpringApplicationShutdownHook","level":"INFO","level_value":20000}
{"@timestamp":"2026-05-02T18:22:25.7840636+02:00","@version":"1","message":"Graceful shutdown complete","logger_name":"org.springframework.boot.web.embedded.tomcat.GracefulShutdown","thread_name":"tomcat-shutdown","level":"INFO","level_value":20000}
{"@timestamp":"2026-05-02T18:22:25.7889481+02:00","@version":"1","message":"Closing JPA EntityManagerFactory for persistence unit 'default'","logger_name":"org.springframework.orm.jpa.LocalContainerEntityManagerFactoryBean","thread_name":"SpringApplicationShutdownHook","level":"INFO","level_value":20000}
{"@timestamp":"2026-05-02T18:22:25.790918+02:00","@version":"1","message":"HikariPool-1 - Shutdown initiated...","logger_name":"com.zaxxer.hikari.HikariDataSource","thread_name":"SpringApplicationShutdownHook","level":"INFO","level_value":20000}
{"@timestamp":"2026-05-02T18:22:25.7931576+02:00","@version":"1","message":"HikariPool-1 - Shutdown completed.","logger_name":"com.zaxxer.hikari.HikariDataSource","thread_name":"SpringApplicationShutdownHook","level":"INFO","level_value":20000}
{"@timestamp":"2026-05-02T18:26:31.1603698+02:00","@version":"1","message":"HV000001: Hibernate Validator 8.0.3.Final","logger_name":"org.hibernate.validator.internal.util.Version","thread_name":"background-preinit","level":"INFO","level_value":20000}
{"@timestamp":"2026-05-02T18:26:31.2082859+02:00","@version":"1","message":"Starting Application using Java 21.0.7 with PID 17984 (C:\\Users\\joris\\Documents\\GitHub\\Application-Security\\Team-20\\back-end\\target\\classes started by joris in C:\\Users\\joris\\Documents\\GitHub\\Application-Security\\Team-20\\back-end)","logger_name":"be.ucll.fs.project.Application","thread_name":"main","level":"INFO","level_value":20000}
{"@timestamp":"2026-05-02T18:26:31.2096959+02:00","@version":"1","message":"No active profile set, falling back to 1 default profile: \"default\"","logger_name":"be.ucll.fs.project.Application","thread_name":"main","level":"INFO","level_value":20000}
{"@timestamp":"2026-05-02T18:26:31.8791815+02:00","@version":"1","message":"Bootstrapping Spring Data JPA repositories in DEFAULT mode.","logger_name":"org.springframework.data.repository.config.RepositoryConfigurationDelegate","thread_name":"main","level":"INFO","level_value":20000}
{"@timestamp":"2026-05-02T18:26:31.9353181+02:00","@version":"1","message":"Finished Spring Data repository scanning in 44 ms. Found 4 JPA repository interfaces.","logger_name":"org.springframework.data.repository.config.RepositoryConfigurationDelegate","thread_name":"main","level":"INFO","level_value":20000}
{"@timestamp":"2026-05-02T18:26:32.4395296+02:00","@version":"1","message":"Tomcat initialized with port 3000 (http)","logger_name":"org.springframework.boot.web.embedded.tomcat.TomcatWebServer","thread_name":"main","level":"INFO","level_value":20000}
{"@timestamp":"2026-05-02T18:26:32.4496285+02:00","@version":"1","message":"Initializing ProtocolHandler [\"http-nio-3000\"]","logger_name":"org.apache.coyote.http11.Http11NioProtocol","thread_name":"main","level":"INFO","level_value":20000}
{"@timestamp":"2026-05-02T18:26:32.4516567+02:00","@version":"1","message":"Starting service [Tomcat]","logger_name":"org.apache.catalina.core.StandardService","thread_name":"main","level":"INFO","level_value":20000}
{"@timestamp":"2026-05-02T18:26:32.4540627+02:00","@version":"1","message":"Starting Servlet engine: [Apache Tomcat/10.1.44]","logger_name":"org.apache.catalina.core.StandardEngine","thread_name":"main","level":"INFO","level_value":20000}
{"@timestamp":"2026-05-02T18:26:32.5091048+02:00","@version":"1","message":"Initializing Spring embedded WebApplicationContext","logger_name":"org.apache.catalina.core.ContainerBase.[Tomcat].[localhost].[/]","thread_name":"main","level":"INFO","level_value":20000}
{"@timestamp":"2026-05-02T18:26:32.5101059+02:00","@version":"1","message":"Root WebApplicationContext: initialization completed in 1255 ms","logger_name":"org.springframework.boot.web.servlet.context.ServletWebServerApplicationContext","thread_name":"main","level":"INFO","level_value":20000}
{"@timestamp":"2026-05-02T18:26:32.6161+02:00","@version":"1","message":"HikariPool-1 - Starting...","logger_name":"com.zaxxer.hikari.HikariDataSource","thread_name":"main","level":"INFO","level_value":20000}
{"@timestamp":"2026-05-02T18:26:32.7700344+02:00","@version":"1","message":"HikariPool-1 - Added connection org.postgresql.jdbc.PgConnection@10166230","logger_name":"com.zaxxer.hikari.pool.HikariPool","thread_name":"main","level":"INFO","level_value":20000}
{"@timestamp":"2026-05-02T18:26:32.7713796+02:00","@version":"1","message":"HikariPool-1 - Start completed.","logger_name":"com.zaxxer.hikari.HikariDataSource","thread_name":"main","level":"INFO","level_value":20000}
{"@timestamp":"2026-05-02T18:26:32.9247998+02:00","@version":"1","message":"HHH000204: Processing PersistenceUnitInfo [name: default]","logger_name":"org.hibernate.jpa.internal.util.LogHelper","thread_name":"main","level":"INFO","level_value":20000}
{"@timestamp":"2026-05-02T18:26:32.9799671+02:00","@version":"1","message":"HHH000412: Hibernate ORM core version 6.6.26.Final","logger_name":"org.hibernate.Version","thread_name":"main","level":"INFO","level_value":20000}
{"@timestamp":"2026-05-02T18:26:33.0153351+02:00","@version":"1","message":"HHH000026: Second-level cache disabled","logger_name":"org.hibernate.cache.internal.RegionFactoryInitiator","thread_name":"main","level":"INFO","level_value":20000}
{"@timestamp":"2026-05-02T18:26:33.2642353+02:00","@version":"1","message":"No LoadTimeWeaver setup: ignoring JPA class transformer","logger_name":"org.springframework.orm.jpa.persistenceunit.SpringPersistenceUnitInfo","thread_name":"main","level":"INFO","level_value":20000}
{"@timestamp":"2026-05-02T18:26:33.3472013+02:00","@version":"1","message":"HHH10001005: Database info:\n\tDatabase JDBC URL [Connecting through datasource 'HikariDataSource (HikariPool-1)']\n\tDatabase driver: undefined/unknown\n\tDatabase version: 18.1\n\tAutocommit mode: undefined/unknown\n\tIsolation level: undefined/unknown\n\tMinimum pool size: undefined/unknown\n\tMaximum pool size: undefined/unknown","logger_name":"org.hibernate.orm.connections.pooling","thread_name":"main","level":"INFO","level_value":20000}
{"@timestamp":"2026-05-02T18:26:33.9865331+02:00","@version":"1","message":"HHH000489: No JTA platform available (set 'hibernate.transaction.jta.platform' to enable JTA platform integration)","logger_name":"org.hibernate.engine.transaction.jta.platform.internal.JtaPlatformInitiator","thread_name":"main","level":"INFO","level_value":20000}
{"@timestamp":"2026-05-02T18:26:33.9901158+02:00","@version":"1","message":"Initialized JPA EntityManagerFactory for persistence unit 'default'","logger_name":"org.springframework.orm.jpa.LocalContainerEntityManagerFactoryBean","thread_name":"main","level":"INFO","level_value":20000}
{"@timestamp":"2026-05-02T18:26:34.302368+02:00","@version":"1","message":"Global AuthenticationManager configured with UserDetailsService bean with name userDetailsServiceImpl","logger_name":"org.springframework.security.config.annotation.authentication.configuration.InitializeUserDetailsBeanManagerConfigurer$InitializeUserDetailsManagerConfigurer","thread_name":"main","level":"INFO","level_value":20000}
{"@timestamp":"2026-05-02T18:26:34.3146992+02:00","@version":"1","message":"No secret key configured, generating a random key.","logger_name":"be.ucll.fs.project.config.SecurityConfig","thread_name":"main","level":"WARN","level_value":30000}
{"@timestamp":"2026-05-02T18:26:36.6653963+02:00","@version":"1","message":"H2 console available at '/h2-console'. Database available at 'jdbc:postgresql://localhost:5432/db-project-groep-3-13'","logger_name":"org.springframework.boot.autoconfigure.h2.H2ConsoleAutoConfiguration","thread_name":"main","level":"INFO","level_value":20000}
{"@timestamp":"2026-05-02T18:26:36.7541685+02:00","@version":"1","message":"Starting ProtocolHandler [\"http-nio-3000\"]","logger_name":"org.apache.coyote.http11.Http11NioProtocol","thread_name":"main","level":"INFO","level_value":20000}
{"@timestamp":"2026-05-02T18:26:36.7828333+02:00","@version":"1","message":"Tomcat started on port 3000 (http) with context path '/'","logger_name":"org.springframework.boot.web.embedded.tomcat.TomcatWebServer","thread_name":"main","level":"INFO","level_value":20000}
{"@timestamp":"2026-05-02T18:26:36.7915066+02:00","@version":"1","message":"Started Application in 6.132 seconds (process running for 6.575)","logger_name":"be.ucll.fs.project.Application","thread_name":"main","level":"INFO","level_value":20000}
{"@timestamp":"2026-05-02T18:35:13.5558714+02:00","@version":"1","message":"Initializing Spring DispatcherServlet 'dispatcherServlet'","logger_name":"org.apache.catalina.core.ContainerBase.[Tomcat].[localhost].[/]","thread_name":"http-nio-3000-exec-1","level":"INFO","level_value":20000}
{"@timestamp":"2026-05-02T18:35:13.5568682+02:00","@version":"1","message":"Initializing Servlet 'dispatcherServlet'","logger_name":"org.springframework.web.servlet.DispatcherServlet","thread_name":"http-nio-3000-exec-1","level":"INFO","level_value":20000}
{"@timestamp":"2026-05-02T18:35:13.5578678+02:00","@version":"1","message":"Completed initialization in 0 ms","logger_name":"org.springframework.web.servlet.DispatcherServlet","thread_name":"http-nio-3000-exec-1","level":"INFO","level_value":20000}
{"@timestamp":"2026-05-05T17:24:32.3203788+02:00","@version":"1","message":"HV000001: Hibernate Validator 8.0.3.Final","logger_name":"org.hibernate.validator.internal.util.Version","thread_name":"background-preinit","level":"INFO","level_value":20000}
{"@timestamp":"2026-05-05T17:24:32.4328929+02:00","@version":"1","message":"Starting Application using Java 21.0.6 with PID 12412 (C:\\TI\\TI2\\TI_Semester_4\\Application_Security\\project\\back-end\\target\\classes started by marti in C:\\TI\\TI2\\TI_Semester_4\\Application_Security\\project\\back-end)","logger_name":"be.ucll.fs.project.Application","thread_name":"main","level":"INFO","level_value":20000}
{"@timestamp":"2026-05-05T17:24:32.4358958+02:00","@version":"1","message":"No active profile set, falling back to 1 default profile: \"default\"","logger_name":"be.ucll.fs.project.Application","thread_name":"main","level":"INFO","level_value":20000}
{"@timestamp":"2026-05-05T17:24:34.2558543+02:00","@version":"1","message":"Bootstrapping Spring Data JPA repositories in DEFAULT mode.","logger_name":"org.springframework.data.repository.config.RepositoryConfigurationDelegate","thread_name":"main","level":"INFO","level_value":20000}
{"@timestamp":"2026-05-05T17:24:34.4013431+02:00","@version":"1","message":"Finished Spring Data repository scanning in 126 ms. Found 4 JPA repository interfaces.","logger_name":"org.springframework.data.repository.config.RepositoryConfigurationDelegate","thread_name":"main","level":"INFO","level_value":20000}
{"@timestamp":"2026-05-05T17:24:35.6744143+02:00","@version":"1","message":"Tomcat initialized with port 3000 (http)","logger_name":"org.springframework.boot.web.embedded.tomcat.TomcatWebServer","thread_name":"main","level":"INFO","level_value":20000}
{"@timestamp":"2026-05-05T17:24:35.7047064+02:00","@version":"1","message":"Initializing ProtocolHandler [\"http-nio-3000\"]","logger_name":"org.apache.coyote.http11.Http11NioProtocol","thread_name":"main","level":"INFO","level_value":20000}
{"@timestamp":"2026-05-05T17:24:35.7102052+02:00","@version":"1","message":"Starting service [Tomcat]","logger_name":"org.apache.catalina.core.StandardService","thread_name":"main","level":"INFO","level_value":20000}
{"@timestamp":"2026-05-05T17:24:35.7112099+02:00","@version":"1","message":"Starting Servlet engine: [Apache Tomcat/10.1.44]","logger_name":"org.apache.catalina.core.StandardEngine","thread_name":"main","level":"INFO","level_value":20000}
{"@timestamp":"2026-05-05T17:24:35.8707574+02:00","@version":"1","message":"Initializing Spring embedded WebApplicationContext","logger_name":"org.apache.catalina.core.ContainerBase.[Tomcat].[localhost].[/]","thread_name":"main","level":"INFO","level_value":20000}
{"@timestamp":"2026-05-05T17:24:35.8732868+02:00","@version":"1","message":"Root WebApplicationContext: initialization completed in 3350 ms","logger_name":"org.springframework.boot.web.servlet.context.ServletWebServerApplicationContext","thread_name":"main","level":"INFO","level_value":20000}
{"@timestamp":"2026-05-05T17:24:36.1338488+02:00","@version":"1","message":"HikariPool-1 - Starting...","logger_name":"com.zaxxer.hikari.HikariDataSource","thread_name":"main","level":"INFO","level_value":20000}
{"@timestamp":"2026-05-05T17:24:36.5800327+02:00","@version":"1","message":"HikariPool-1 - Added connection org.postgresql.jdbc.PgConnection@34beadce","logger_name":"com.zaxxer.hikari.pool.HikariPool","thread_name":"main","level":"INFO","level_value":20000}
{"@timestamp":"2026-05-05T17:24:36.5828386+02:00","@version":"1","message":"HikariPool-1 - Start completed.","logger_name":"com.zaxxer.hikari.HikariDataSource","thread_name":"main","level":"INFO","level_value":20000}
{"@timestamp":"2026-05-05T17:24:37.1754984+02:00","@version":"1","message":"HHH000204: Processing PersistenceUnitInfo [name: default]","logger_name":"org.hibernate.jpa.internal.util.LogHelper","thread_name":"main","level":"INFO","level_value":20000}
{"@timestamp":"2026-05-05T17:24:37.3215995+02:00","@version":"1","message":"HHH000412: Hibernate ORM core version 6.6.26.Final","logger_name":"org.hibernate.Version","thread_name":"main","level":"INFO","level_value":20000}
{"@timestamp":"2026-05-05T17:24:37.4000185+02:00","@version":"1","message":"HHH000026: Second-level cache disabled","logger_name":"org.hibernate.cache.internal.RegionFactoryInitiator","thread_name":"main","level":"INFO","level_value":20000}
{"@timestamp":"2026-05-05T17:24:38.0345929+02:00","@version":"1","message":"No LoadTimeWeaver setup: ignoring JPA class transformer","logger_name":"org.springframework.orm.jpa.persistenceunit.SpringPersistenceUnitInfo","thread_name":"main","level":"INFO","level_value":20000}
{"@timestamp":"2026-05-05T17:24:38.2367857+02:00","@version":"1","message":"HHH10001005: Database info:\n\tDatabase JDBC URL [Connecting through datasource 'HikariDataSource (HikariPool-1)']\n\tDatabase driver: undefined/unknown\n\tDatabase version: 18.0\n\tAutocommit mode: undefined/unknown\n\tIsolation level: undefined/unknown\n\tMinimum pool size: undefined/unknown\n\tMaximum pool size: undefined/unknown","logger_name":"org.hibernate.orm.connections.pooling","thread_name":"main","level":"INFO","level_value":20000}
{"@timestamp":"2026-05-05T17:24:40.5815104+02:00","@version":"1","message":"HHH000489: No JTA platform available (set 'hibernate.transaction.jta.platform' to enable JTA platform integration)","logger_name":"org.hibernate.engine.transaction.jta.platform.internal.JtaPlatformInitiator","thread_name":"main","level":"INFO","level_value":20000}
{"@timestamp":"2026-05-05T17:24:40.5885061+02:00","@version":"1","message":"Initialized JPA EntityManagerFactory for persistence unit 'default'","logger_name":"org.springframework.orm.jpa.LocalContainerEntityManagerFactoryBean","thread_name":"main","level":"INFO","level_value":20000}
{"@timestamp":"2026-05-05T17:24:41.7668801+02:00","@version":"1","message":"Global AuthenticationManager configured with UserDetailsService bean with name userDetailsServiceImpl","logger_name":"org.springframework.security.config.annotation.authentication.configuration.InitializeUserDetailsBeanManagerConfigurer$InitializeUserDetailsManagerConfigurer","thread_name":"main","level":"INFO","level_value":20000}
{"@timestamp":"2026-05-05T17:24:41.7963955+02:00","@version":"1","message":"No secret key configured, generating a random key.","logger_name":"be.ucll.fs.project.config.SecurityConfig","thread_name":"main","level":"WARN","level_value":30000}
{"@timestamp":"2026-05-05T17:24:48.6926811+02:00","@version":"1","message":"H2 console available at '/h2-console'. Database available at 'jdbc:postgresql://localhost:5432/db-project-team-20'","logger_name":"org.springframework.boot.autoconfigure.h2.H2ConsoleAutoConfiguration","thread_name":"main","level":"INFO","level_value":20000}
{"@timestamp":"2026-05-05T17:24:48.9476679+02:00","@version":"1","message":"Starting ProtocolHandler [\"http-nio-3000\"]","logger_name":"org.apache.coyote.http11.Http11NioProtocol","thread_name":"main","level":"INFO","level_value":20000}
{"@timestamp":"2026-05-05T17:24:48.9855549+02:00","@version":"1","message":"Tomcat started on port 3000 (http) with context path '/'","logger_name":"org.springframework.boot.web.embedded.tomcat.TomcatWebServer","thread_name":"main","level":"INFO","level_value":20000}
{"@timestamp":"2026-05-05T17:24:49.0019632+02:00","@version":"1","message":"Started Application in 18.092 seconds (process running for 18.882)","logger_name":"be.ucll.fs.project.Application","thread_name":"main","level":"INFO","level_value":20000}
{"@timestamp":"2026-05-05T17:28:21.4408882+02:00","@version":"1","message":"Initializing Spring DispatcherServlet 'dispatcherServlet'","logger_name":"org.apache.catalina.core.ContainerBase.[Tomcat].[localhost].[/]","thread_name":"http-nio-3000-exec-1","level":"INFO","level_value":20000}
{"@timestamp":"2026-05-05T17:28:21.4428881+02:00","@version":"1","message":"Initializing Servlet 'dispatcherServlet'","logger_name":"org.springframework.web.servlet.DispatcherServlet","thread_name":"http-nio-3000-exec-1","level":"INFO","level_value":20000}
{"@timestamp":"2026-05-05T17:28:21.4448882+02:00","@version":"1","message":"Completed initialization in 2 ms","logger_name":"org.springframework.web.servlet.DispatcherServlet","thread_name":"http-nio-3000-exec-1","level":"INFO","level_value":20000}
{"@timestamp":"2026-05-06T13:06:16.1191485+02:00","@version":"1","message":"HV000001: Hibernate Validator 8.0.3.Final","logger_name":"org.hibernate.validator.internal.util.Version","thread_name":"background-preinit","level":"INFO","level_value":20000}
{"@timestamp":"2026-05-06T13:06:16.2371484+02:00","@version":"1","message":"Starting Application using Java 21.0.6 with PID 2776 (C:\\TI\\TI2\\TI_Semester_4\\Application_Security\\project\\back-end\\target\\classes started by marti in C:\\TI\\TI2\\TI_Semester_4\\Application_Security\\project\\back-end)","logger_name":"be.ucll.fs.project.Application","thread_name":"main","level":"INFO","level_value":20000}
{"@timestamp":"2026-05-06T13:06:16.23915+02:00","@version":"1","message":"No active profile set, falling back to 1 default profile: \"default\"","logger_name":"be.ucll.fs.project.Application","thread_name":"main","level":"INFO","level_value":20000}
{"@timestamp":"2026-05-06T13:06:18.1537981+02:00","@version":"1","message":"Bootstrapping Spring Data JPA repositories in DEFAULT mode.","logger_name":"org.springframework.data.repository.config.RepositoryConfigurationDelegate","thread_name":"main","level":"INFO","level_value":20000}
{"@timestamp":"2026-05-06T13:06:18.3183826+02:00","@version":"1","message":"Finished Spring Data repository scanning in 135 ms. Found 4 JPA repository interfaces.","logger_name":"org.springframework.data.repository.config.RepositoryConfigurationDelegate","thread_name":"main","level":"INFO","level_value":20000}
{"@timestamp":"2026-05-06T13:06:19.6036084+02:00","@version":"1","message":"Tomcat initialized with port 3000 (http)","logger_name":"org.springframework.boot.web.embedded.tomcat.TomcatWebServer","thread_name":"main","level":"INFO","level_value":20000}
{"@timestamp":"2026-05-06T13:06:19.6348073+02:00","@version":"1","message":"Initializing ProtocolHandler [\"http-nio-3000\"]","logger_name":"org.apache.coyote.http11.Http11NioProtocol","thread_name":"main","level":"INFO","level_value":20000}
{"@timestamp":"2026-05-06T13:06:19.6385122+02:00","@version":"1","message":"Starting service [Tomcat]","logger_name":"org.apache.catalina.core.StandardService","thread_name":"main","level":"INFO","level_value":20000}
{"@timestamp":"2026-05-06T13:06:19.6385122+02:00","@version":"1","message":"Starting Servlet engine: [Apache Tomcat/10.1.44]","logger_name":"org.apache.catalina.core.StandardEngine","thread_name":"main","level":"INFO","level_value":20000}
{"@timestamp":"2026-05-06T13:06:19.7907814+02:00","@version":"1","message":"Initializing Spring embedded WebApplicationContext","logger_name":"org.apache.catalina.core.ContainerBase.[Tomcat].[localhost].[/]","thread_name":"main","level":"INFO","level_value":20000}
{"@timestamp":"2026-05-06T13:06:19.7958824+02:00","@version":"1","message":"Root WebApplicationContext: initialization completed in 3463 ms","logger_name":"org.springframework.boot.web.servlet.context.ServletWebServerApplicationContext","thread_name":"main","level":"INFO","level_value":20000}
{"@timestamp":"2026-05-06T13:06:20.0691655+02:00","@version":"1","message":"HikariPool-1 - Starting...","logger_name":"com.zaxxer.hikari.HikariDataSource","thread_name":"main","level":"INFO","level_value":20000}
{"@timestamp":"2026-05-06T13:06:20.5039493+02:00","@version":"1","message":"HikariPool-1 - Added connection org.postgresql.jdbc.PgConnection@131ba005","logger_name":"com.zaxxer.hikari.pool.HikariPool","thread_name":"main","level":"INFO","level_value":20000}
{"@timestamp":"2026-05-06T13:06:20.5096505+02:00","@version":"1","message":"HikariPool-1 - Start completed.","logger_name":"com.zaxxer.hikari.HikariDataSource","thread_name":"main","level":"INFO","level_value":20000}
{"@timestamp":"2026-05-06T13:06:21.0791906+02:00","@version":"1","message":"HHH000204: Processing PersistenceUnitInfo [name: default]","logger_name":"org.hibernate.jpa.internal.util.LogHelper","thread_name":"main","level":"INFO","level_value":20000}
{"@timestamp":"2026-05-06T13:06:21.2457493+02:00","@version":"1","message":"HHH000412: Hibernate ORM core version 6.6.26.Final","logger_name":"org.hibernate.Version","thread_name":"main","level":"INFO","level_value":20000}
{"@timestamp":"2026-05-06T13:06:21.3390221+02:00","@version":"1","message":"HHH000026: Second-level cache disabled","logger_name":"org.hibernate.cache.internal.RegionFactoryInitiator","thread_name":"main","level":"INFO","level_value":20000}
{"@timestamp":"2026-05-06T13:06:22.050765+02:00","@version":"1","message":"No LoadTimeWeaver setup: ignoring JPA class transformer","logger_name":"org.springframework.orm.jpa.persistenceunit.SpringPersistenceUnitInfo","thread_name":"main","level":"INFO","level_value":20000}
{"@timestamp":"2026-05-06T13:06:22.291842+02:00","@version":"1","message":"HHH10001005: Database info:\n\tDatabase JDBC URL [Connecting through datasource 'HikariDataSource (HikariPool-1)']\n\tDatabase driver: undefined/unknown\n\tDatabase version: 18.0\n\tAutocommit mode: undefined/unknown\n\tIsolation level: undefined/unknown\n\tMinimum pool size: undefined/unknown\n\tMaximum pool size: undefined/unknown","logger_name":"org.hibernate.orm.connections.pooling","thread_name":"main","level":"INFO","level_value":20000}
{"@timestamp":"2026-05-06T13:06:25.381405+02:00","@version":"1","message":"HHH000489: No JTA platform available (set 'hibernate.transaction.jta.platform' to enable JTA platform integration)","logger_name":"org.hibernate.engine.transaction.jta.platform.internal.JtaPlatformInitiator","thread_name":"main","level":"INFO","level_value":20000}
{"@timestamp":"2026-05-06T13:06:25.3902008+02:00","@version":"1","message":"Initialized JPA EntityManagerFactory for persistence unit 'default'","logger_name":"org.springframework.orm.jpa.LocalContainerEntityManagerFactoryBean","thread_name":"main","level":"INFO","level_value":20000}
{"@timestamp":"2026-05-06T13:06:26.673905+02:00","@version":"1","message":"Global AuthenticationManager configured with UserDetailsService bean with name userDetailsServiceImpl","logger_name":"org.springframework.security.config.annotation.authentication.configuration.InitializeUserDetailsBeanManagerConfigurer$InitializeUserDetailsManagerConfigurer","thread_name":"main","level":"INFO","level_value":20000}
{"@timestamp":"2026-05-06T13:06:26.7061613+02:00","@version":"1","message":"No secret key configured, generating a random key.","logger_name":"be.ucll.fs.project.config.SecurityConfig","thread_name":"main","level":"WARN","level_value":30000}
{"@timestamp":"2026-05-06T13:06:34.0989014+02:00","@version":"1","message":"H2 console available at '/h2-console'. Database available at 'jdbc:postgresql://localhost:5432/db-project-team-20'","logger_name":"org.springframework.boot.autoconfigure.h2.H2ConsoleAutoConfiguration","thread_name":"main","level":"INFO","level_value":20000}
{"@timestamp":"2026-05-06T13:06:34.2704153+02:00","@version":"1","message":"Starting ProtocolHandler [\"http-nio-3000\"]","logger_name":"org.apache.coyote.http11.Http11NioProtocol","thread_name":"main","level":"INFO","level_value":20000}
{"@timestamp":"2026-05-06T13:06:34.3139805+02:00","@version":"1","message":"Tomcat started on port 3000 (http) with context path '/'","logger_name":"org.springframework.boot.web.embedded.tomcat.TomcatWebServer","thread_name":"main","level":"INFO","level_value":20000}
{"@timestamp":"2026-05-06T13:06:34.3347192+02:00","@version":"1","message":"Started Application in 19.719 seconds (process running for 20.567)","logger_name":"be.ucll.fs.project.Application","thread_name":"main","level":"INFO","level_value":20000}
{"@timestamp":"2026-05-06T13:57:47.1051756+02:00","@version":"1","message":"HikariPool-1 - Thread starvation or clock leap detected (housekeeper delta=48m56s451ms400µs200ns).","logger_name":"com.zaxxer.hikari.pool.HikariPool","thread_name":"HikariPool-1:housekeeper","level":"WARN","level_value":30000}
{"@timestamp":"2026-05-06T14:16:53.3805753+02:00","@version":"1","message":"HikariPool-1 - Thread starvation or clock leap detected (housekeeper delta=18m36s265ms474µs700ns).","logger_name":"com.zaxxer.hikari.pool.HikariPool","thread_name":"HikariPool-1:housekeeper","level":"WARN","level_value":30000}
{"@timestamp":"2026-05-06T15:28:48.5042078+02:00","@version":"1","message":"HikariPool-1 - Thread starvation or clock leap detected (housekeeper delta=1h5m55s10ms143µs600ns).","logger_name":"com.zaxxer.hikari.pool.HikariPool","thread_name":"HikariPool-1:housekeeper","level":"WARN","level_value":30000}
{"@timestamp":"2026-05-06T15:45:34.0797285+02:00","@version":"1","message":"HikariPool-1 - Thread starvation or clock leap detected (housekeeper delta=13m15s529ms804µs200ns).","logger_name":"com.zaxxer.hikari.pool.HikariPool","thread_name":"HikariPool-1:housekeeper","level":"WARN","level_value":30000}
{"@timestamp":"2026-05-06T18:05:41.7526929+02:00","@version":"1","message":"HikariPool-1 - Thread starvation or clock leap detected (housekeeper delta=1h28m36s909ms696µs500ns).","logger_name":"com.zaxxer.hikari.pool.HikariPool","thread_name":"HikariPool-1:housekeeper","level":"WARN","level_value":30000}
{"@timestamp":"2026-05-06T18:55:18.9368757+02:00","@version":"1","message":"Initializing Spring DispatcherServlet 'dispatcherServlet'","logger_name":"org.apache.catalina.core.ContainerBase.[Tomcat].[localhost].[/]","thread_name":"http-nio-3000-exec-1","level":"INFO","level_value":20000}
{"@timestamp":"2026-05-06T18:55:18.9446345+02:00","@version":"1","message":"Initializing Servlet 'dispatcherServlet'","logger_name":"org.springframework.web.servlet.DispatcherServlet","thread_name":"http-nio-3000-exec-1","level":"INFO","level_value":20000}
{"@timestamp":"2026-05-06T18:55:18.9717736+02:00","@version":"1","message":"Completed initialization in 27 ms","logger_name":"org.springframework.web.servlet.DispatcherServlet","thread_name":"http-nio-3000-exec-1","level":"INFO","level_value":20000}
{"@timestamp":"2026-05-06T19:34:18.603894+02:00","@version":"1","message":"Application error: Incorrect result size: expected 1, actual 0","logger_name":"be.ucll.fs.project.exception.GlobalExceptionHandler","thread_name":"http-nio-3000-exec-1","level":"ERROR","level_value":40000}
{"@timestamp":"2026-05-06T20:09:19.5374007+02:00","@version":"1","message":"HikariPool-1 - Thread starvation or clock leap detected (housekeeper delta=16m6s131ms894µs700ns).","logger_name":"com.zaxxer.hikari.pool.HikariPool","thread_name":"HikariPool-1:housekeeper","level":"WARN","level_value":30000}
{"@timestamp":"2026-05-06T21:16:01.3554196+02:00","@version":"1","message":"HV000001: Hibernate Validator 8.0.3.Final","logger_name":"org.hibernate.validator.internal.util.Version","thread_name":"background-preinit","level":"INFO","level_value":20000}
{"@timestamp":"2026-05-06T21:16:01.4038418+02:00","@version":"1","message":"Starting Application using Java 21.0.6 with PID 17400 (C:\\TI\\TI2\\TI_Semester_4\\Application_Security\\project\\back-end\\target\\classes started by marti in C:\\TI\\TI2\\TI_Semester_4\\Application_Security\\project\\back-end)","logger_name":"be.ucll.fs.project.Application","thread_name":"main","level":"INFO","level_value":20000}
{"@timestamp":"2026-05-06T21:16:01.4053464+02:00","@version":"1","message":"No active profile set, falling back to 1 default profile: \"default\"","logger_name":"be.ucll.fs.project.Application","thread_name":"main","level":"INFO","level_value":20000}
{"@timestamp":"2026-05-06T21:16:02.1744189+02:00","@version":"1","message":"Bootstrapping Spring Data JPA repositories in DEFAULT mode.","logger_name":"org.springframework.data.repository.config.RepositoryConfigurationDelegate","thread_name":"main","level":"INFO","level_value":20000}
{"@timestamp":"2026-05-06T21:16:02.2439183+02:00","@version":"1","message":"Finished Spring Data repository scanning in 59 ms. Found 4 JPA repository interfaces.","logger_name":"org.springframework.data.repository.config.RepositoryConfigurationDelegate","thread_name":"main","level":"INFO","level_value":20000}
{"@timestamp":"2026-05-06T21:16:02.8103995+02:00","@version":"1","message":"Tomcat initialized with port 3000 (http)","logger_name":"org.springframework.boot.web.embedded.tomcat.TomcatWebServer","thread_name":"main","level":"INFO","level_value":20000}
{"@timestamp":"2026-05-06T21:16:02.8246367+02:00","@version":"1","message":"Initializing ProtocolHandler [\"http-nio-3000\"]","logger_name":"org.apache.coyote.http11.Http11NioProtocol","thread_name":"main","level":"INFO","level_value":20000}
{"@timestamp":"2026-05-06T21:16:02.8261427+02:00","@version":"1","message":"Starting service [Tomcat]","logger_name":"org.apache.catalina.core.StandardService","thread_name":"main","level":"INFO","level_value":20000}
{"@timestamp":"2026-05-06T21:16:02.8271454+02:00","@version":"1","message":"Starting Servlet engine: [Apache Tomcat/10.1.44]","logger_name":"org.apache.catalina.core.StandardEngine","thread_name":"main","level":"INFO","level_value":20000}
{"@timestamp":"2026-05-06T21:16:02.8924624+02:00","@version":"1","message":"Initializing Spring embedded WebApplicationContext","logger_name":"org.apache.catalina.core.ContainerBase.[Tomcat].[localhost].[/]","thread_name":"main","level":"INFO","level_value":20000}
{"@timestamp":"2026-05-06T21:16:02.8924624+02:00","@version":"1","message":"Root WebApplicationContext: initialization completed in 1451 ms","logger_name":"org.springframework.boot.web.servlet.context.ServletWebServerApplicationContext","thread_name":"main","level":"INFO","level_value":20000}
{"@timestamp":"2026-05-06T21:16:03.0094323+02:00","@version":"1","message":"HikariPool-1 - Starting...","logger_name":"com.zaxxer.hikari.HikariDataSource","thread_name":"main","level":"INFO","level_value":20000}
{"@timestamp":"2026-05-06T21:16:03.1668991+02:00","@version":"1","message":"HikariPool-1 - Added connection org.postgresql.jdbc.PgConnection@7f305f34","logger_name":"com.zaxxer.hikari.pool.HikariPool","thread_name":"main","level":"INFO","level_value":20000}
{"@timestamp":"2026-05-06T21:16:03.1679194+02:00","@version":"1","message":"HikariPool-1 - Start completed.","logger_name":"com.zaxxer.hikari.HikariDataSource","thread_name":"main","level":"INFO","level_value":20000}
{"@timestamp":"2026-05-06T21:16:03.3878187+02:00","@version":"1","message":"HHH000204: Processing PersistenceUnitInfo [name: default]","logger_name":"org.hibernate.jpa.internal.util.LogHelper","thread_name":"main","level":"INFO","level_value":20000}
{"@timestamp":"2026-05-06T21:16:03.4755452+02:00","@version":"1","message":"HHH000412: Hibernate ORM core version 6.6.26.Final","logger_name":"org.hibernate.Version","thread_name":"main","level":"INFO","level_value":20000}
{"@timestamp":"2026-05-06T21:16:03.5258119+02:00","@version":"1","message":"HHH000026: Second-level cache disabled","logger_name":"org.hibernate.cache.internal.RegionFactoryInitiator","thread_name":"main","level":"INFO","level_value":20000}
{"@timestamp":"2026-05-06T21:16:03.8780189+02:00","@version":"1","message":"No LoadTimeWeaver setup: ignoring JPA class transformer","logger_name":"org.springframework.orm.jpa.persistenceunit.SpringPersistenceUnitInfo","thread_name":"main","level":"INFO","level_value":20000}
{"@timestamp":"2026-05-06T21:16:03.9944746+02:00","@version":"1","message":"HHH10001005: Database info:\n\tDatabase JDBC URL [Connecting through datasource 'HikariDataSource (HikariPool-1)']\n\tDatabase driver: undefined/unknown\n\tDatabase version: 18.0\n\tAutocommit mode: undefined/unknown\n\tIsolation level: undefined/unknown\n\tMinimum pool size: undefined/unknown\n\tMaximum pool size: undefined/unknown","logger_name":"org.hibernate.orm.connections.pooling","thread_name":"main","level":"INFO","level_value":20000}
{"@timestamp":"2026-05-06T21:16:05.1754544+02:00","@version":"1","message":"HHH000489: No JTA platform available (set 'hibernate.transaction.jta.platform' to enable JTA platform integration)","logger_name":"org.hibernate.engine.transaction.jta.platform.internal.JtaPlatformInitiator","thread_name":"main","level":"INFO","level_value":20000}
{"@timestamp":"2026-05-06T21:16:05.1784587+02:00","@version":"1","message":"Initialized JPA EntityManagerFactory for persistence unit 'default'","logger_name":"org.springframework.orm.jpa.LocalContainerEntityManagerFactoryBean","thread_name":"main","level":"INFO","level_value":20000}
{"@timestamp":"2026-05-06T21:16:05.6055699+02:00","@version":"1","message":"Global AuthenticationManager configured with UserDetailsService bean with name userDetailsServiceImpl","logger_name":"org.springframework.security.config.annotation.authentication.configuration.InitializeUserDetailsBeanManagerConfigurer$InitializeUserDetailsManagerConfigurer","thread_name":"main","level":"INFO","level_value":20000}
{"@timestamp":"2026-05-06T21:16:05.617815+02:00","@version":"1","message":"No secret key configured, generating a random key.","logger_name":"be.ucll.fs.project.config.SecurityConfig","thread_name":"main","level":"WARN","level_value":30000}
{"@timestamp":"2026-05-06T21:16:08.644797+02:00","@version":"1","message":"H2 console available at '/h2-console'. Database available at 'jdbc:postgresql://localhost:5432/db-project-team-20'","logger_name":"org.springframework.boot.autoconfigure.h2.H2ConsoleAutoConfiguration","thread_name":"main","level":"INFO","level_value":20000}
{"@timestamp":"2026-05-06T21:16:08.7397039+02:00","@version":"1","message":"Starting ProtocolHandler [\"http-nio-3000\"]","logger_name":"org.apache.coyote.http11.Http11NioProtocol","thread_name":"main","level":"INFO","level_value":20000}
{"@timestamp":"2026-05-06T21:16:08.759271+02:00","@version":"1","message":"Tomcat started on port 3000 (http) with context path '/'","logger_name":"org.springframework.boot.web.embedded.tomcat.TomcatWebServer","thread_name":"main","level":"INFO","level_value":20000}
{"@timestamp":"2026-05-06T21:16:08.769015+02:00","@version":"1","message":"Started Application in 8.049 seconds (process running for 8.394)","logger_name":"be.ucll.fs.project.Application","thread_name":"main","level":"INFO","level_value":20000}
{"@timestamp":"2026-05-06T21:17:23.814514+02:00","@version":"1","message":"Initializing Spring DispatcherServlet 'dispatcherServlet'","logger_name":"org.apache.catalina.core.ContainerBase.[Tomcat].[localhost].[/]","thread_name":"http-nio-3000-exec-1","level":"INFO","level_value":20000}
{"@timestamp":"2026-05-06T21:17:23.8155152+02:00","@version":"1","message":"Initializing Servlet 'dispatcherServlet'","logger_name":"org.springframework.web.servlet.DispatcherServlet","thread_name":"http-nio-3000-exec-1","level":"INFO","level_value":20000}
{"@timestamp":"2026-05-06T21:17:23.8169572+02:00","@version":"1","message":"Completed initialization in 1 ms","logger_name":"org.springframework.web.servlet.DispatcherServlet","thread_name":"http-nio-3000-exec-1","level":"INFO","level_value":20000}
{"@timestamp":"2026-05-06T21:22:48.0158827+02:00","@version":"1","message":"Commencing graceful shutdown. Waiting for active requests to complete","logger_name":"org.springframework.boot.web.embedded.tomcat.GracefulShutdown","thread_name":"SpringApplicationShutdownHook","level":"INFO","level_value":20000}
{"@timestamp":"2026-05-06T21:22:48.0228819+02:00","@version":"1","message":"Graceful shutdown complete","logger_name":"org.springframework.boot.web.embedded.tomcat.GracefulShutdown","thread_name":"tomcat-shutdown","level":"INFO","level_value":20000}
{"@timestamp":"2026-05-06T21:22:48.0276555+02:00","@version":"1","message":"Closing JPA EntityManagerFactory for persistence unit 'default'","logger_name":"org.springframework.orm.jpa.LocalContainerEntityManagerFactoryBean","thread_name":"SpringApplicationShutdownHook","level":"INFO","level_value":20000}
{"@timestamp":"2026-05-06T21:22:48.0316869+02:00","@version":"1","message":"HikariPool-1 - Shutdown initiated...","logger_name":"com.zaxxer.hikari.HikariDataSource","thread_name":"SpringApplicationShutdownHook","level":"INFO","level_value":20000}
{"@timestamp":"2026-05-06T21:22:48.0337777+02:00","@version":"1","message":"HikariPool-1 - Shutdown completed.","logger_name":"com.zaxxer.hikari.HikariDataSource","thread_name":"SpringApplicationShutdownHook","level":"INFO","level_value":20000}
{"@timestamp":"2026-05-06T21:22:56.8780051+02:00","@version":"1","message":"HV000001: Hibernate Validator 8.0.3.Final","logger_name":"org.hibernate.validator.internal.util.Version","thread_name":"background-preinit","level":"INFO","level_value":20000}
{"@timestamp":"2026-05-06T21:22:56.926318+02:00","@version":"1","message":"Starting Application using Java 21.0.6 with PID 6804 (C:\\TI\\TI2\\TI_Semester_4\\Application_Security\\project\\back-end\\target\\classes started by marti in C:\\TI\\TI2\\TI_Semester_4\\Application_Security\\project\\back-end)","logger_name":"be.ucll.fs.project.Application","thread_name":"main","level":"INFO","level_value":20000}
{"@timestamp":"2026-05-06T21:22:56.926318+02:00","@version":"1","message":"No active profile set, falling back to 1 default profile: \"default\"","logger_name":"be.ucll.fs.project.Application","thread_name":"main","level":"INFO","level_value":20000}
{"@timestamp":"2026-05-06T21:22:57.6392899+02:00","@version":"1","message":"Bootstrapping Spring Data JPA repositories in DEFAULT mode.","logger_name":"org.springframework.data.repository.config.RepositoryConfigurationDelegate","thread_name":"main","level":"INFO","level_value":20000}
{"@timestamp":"2026-05-06T21:22:57.7078887+02:00","@version":"1","message":"Finished Spring Data repository scanning in 58 ms. Found 4 JPA repository interfaces.","logger_name":"org.springframework.data.repository.config.RepositoryConfigurationDelegate","thread_name":"main","level":"INFO","level_value":20000}
{"@timestamp":"2026-05-06T21:22:58.1878469+02:00","@version":"1","message":"Tomcat initialized with port 3000 (http)","logger_name":"org.springframework.boot.web.embedded.tomcat.TomcatWebServer","thread_name":"main","level":"INFO","level_value":20000}
{"@timestamp":"2026-05-06T21:22:58.1976134+02:00","@version":"1","message":"Initializing ProtocolHandler [\"http-nio-3000\"]","logger_name":"org.apache.coyote.http11.Http11NioProtocol","thread_name":"main","level":"INFO","level_value":20000}
{"@timestamp":"2026-05-06T21:22:58.2006785+02:00","@version":"1","message":"Starting service [Tomcat]","logger_name":"org.apache.catalina.core.StandardService","thread_name":"main","level":"INFO","level_value":20000}
{"@timestamp":"2026-05-06T21:22:58.2016785+02:00","@version":"1","message":"Starting Servlet engine: [Apache Tomcat/10.1.44]","logger_name":"org.apache.catalina.core.StandardEngine","thread_name":"main","level":"INFO","level_value":20000}
{"@timestamp":"2026-05-06T21:22:58.2591714+02:00","@version":"1","message":"Initializing Spring embedded WebApplicationContext","logger_name":"org.apache.catalina.core.ContainerBase.[Tomcat].[localhost].[/]","thread_name":"main","level":"INFO","level_value":20000}
{"@timestamp":"2026-05-06T21:22:58.2601714+02:00","@version":"1","message":"Root WebApplicationContext: initialization completed in 1295 ms","logger_name":"org.springframework.boot.web.servlet.context.ServletWebServerApplicationContext","thread_name":"main","level":"INFO","level_value":20000}
{"@timestamp":"2026-05-06T21:22:58.3769497+02:00","@version":"1","message":"HikariPool-1 - Starting...","logger_name":"com.zaxxer.hikari.HikariDataSource","thread_name":"main","level":"INFO","level_value":20000}
{"@timestamp":"2026-05-06T21:22:58.5519489+02:00","@version":"1","message":"HikariPool-1 - Added connection org.postgresql.jdbc.PgConnection@7f305f34","logger_name":"com.zaxxer.hikari.pool.HikariPool","thread_name":"main","level":"INFO","level_value":20000}
{"@timestamp":"2026-05-06T21:22:58.5539481+02:00","@version":"1","message":"HikariPool-1 - Start completed.","logger_name":"com.zaxxer.hikari.HikariDataSource","thread_name":"main","level":"INFO","level_value":20000}
{"@timestamp":"2026-05-06T21:22:58.6849205+02:00","@version":"1","message":"HHH000204: Processing PersistenceUnitInfo [name: default]","logger_name":"org.hibernate.jpa.internal.util.LogHelper","thread_name":"main","level":"INFO","level_value":20000}
{"@timestamp":"2026-05-06T21:22:58.7313929+02:00","@version":"1","message":"HHH000412: Hibernate ORM core version 6.6.26.Final","logger_name":"org.hibernate.Version","thread_name":"main","level":"INFO","level_value":20000}
{"@timestamp":"2026-05-06T21:22:58.7613032+02:00","@version":"1","message":"HHH000026: Second-level cache disabled","logger_name":"org.hibernate.cache.internal.RegionFactoryInitiator","thread_name":"main","level":"INFO","level_value":20000}
{"@timestamp":"2026-05-06T21:22:58.9932912+02:00","@version":"1","message":"No LoadTimeWeaver setup: ignoring JPA class transformer","logger_name":"org.springframework.orm.jpa.persistenceunit.SpringPersistenceUnitInfo","thread_name":"main","level":"INFO","level_value":20000}
{"@timestamp":"2026-05-06T21:22:59.074155+02:00","@version":"1","message":"HHH10001005: Database info:\n\tDatabase JDBC URL [Connecting through datasource 'HikariDataSource (HikariPool-1)']\n\tDatabase driver: undefined/unknown\n\tDatabase version: 18.0\n\tAutocommit mode: undefined/unknown\n\tIsolation level: undefined/unknown\n\tMinimum pool size: undefined/unknown\n\tMaximum pool size: undefined/unknown","logger_name":"org.hibernate.orm.connections.pooling","thread_name":"main","level":"INFO","level_value":20000}
{"@timestamp":"2026-05-06T21:22:59.9242905+02:00","@version":"1","message":"HHH000489: No JTA platform available (set 'hibernate.transaction.jta.platform' to enable JTA platform integration)","logger_name":"org.hibernate.engine.transaction.jta.platform.internal.JtaPlatformInitiator","thread_name":"main","level":"INFO","level_value":20000}
{"@timestamp":"2026-05-06T21:22:59.9270735+02:00","@version":"1","message":"Initialized JPA EntityManagerFactory for persistence unit 'default'","logger_name":"org.springframework.orm.jpa.LocalContainerEntityManagerFactoryBean","thread_name":"main","level":"INFO","level_value":20000}
{"@timestamp":"2026-05-06T21:23:00.2869858+02:00","@version":"1","message":"Global AuthenticationManager configured with UserDetailsService bean with name userDetailsServiceImpl","logger_name":"org.springframework.security.config.annotation.authentication.configuration.InitializeUserDetailsBeanManagerConfigurer$InitializeUserDetailsManagerConfigurer","thread_name":"main","level":"INFO","level_value":20000}
{"@timestamp":"2026-05-06T21:23:00.2990854+02:00","@version":"1","message":"No secret key configured, generating a random key.","logger_name":"be.ucll.fs.project.config.SecurityConfig","thread_name":"main","level":"WARN","level_value":30000}
{"@timestamp":"2026-05-06T21:23:02.8321138+02:00","@version":"1","message":"H2 console available at '/h2-console'. Database available at 'jdbc:postgresql://localhost:5432/db-project-team-20'","logger_name":"org.springframework.boot.autoconfigure.h2.H2ConsoleAutoConfiguration","thread_name":"main","level":"INFO","level_value":20000}
{"@timestamp":"2026-05-06T21:23:02.9074563+02:00","@version":"1","message":"Starting ProtocolHandler [\"http-nio-3000\"]","logger_name":"org.apache.coyote.http11.Http11NioProtocol","thread_name":"main","level":"INFO","level_value":20000}
{"@timestamp":"2026-05-06T21:23:02.9241705+02:00","@version":"1","message":"Tomcat started on port 3000 (http) with context path '/'","logger_name":"org.springframework.boot.web.embedded.tomcat.TomcatWebServer","thread_name":"main","level":"INFO","level_value":20000}
{"@timestamp":"2026-05-06T21:23:02.9322807+02:00","@version":"1","message":"Started Application in 6.661 seconds (process running for 6.992)","logger_name":"be.ucll.fs.project.Application","thread_name":"main","level":"INFO","level_value":20000}
{"@timestamp":"2026-05-06T21:23:08.2092906+02:00","@version":"1","message":"Initializing Spring DispatcherServlet 'dispatcherServlet'","logger_name":"org.apache.catalina.core.ContainerBase.[Tomcat].[localhost].[/]","thread_name":"http-nio-3000-exec-4","level":"INFO","level_value":20000}
{"@timestamp":"2026-05-06T21:23:08.2102963+02:00","@version":"1","message":"Initializing Servlet 'dispatcherServlet'","logger_name":"org.springframework.web.servlet.DispatcherServlet","thread_name":"http-nio-3000-exec-4","level":"INFO","level_value":20000}
{"@timestamp":"2026-05-06T21:23:08.2112978+02:00","@version":"1","message":"Completed initialization in 1 ms","logger_name":"org.springframework.web.servlet.DispatcherServlet","thread_name":"http-nio-3000-exec-4","level":"INFO","level_value":20000}
{"@timestamp":"2026-05-06T21:25:37.6178839+02:00","@version":"1","message":"Commencing graceful shutdown. Waiting for active requests to complete","logger_name":"org.springframework.boot.web.embedded.tomcat.GracefulShutdown","thread_name":"SpringApplicationShutdownHook","level":"INFO","level_value":20000}
{"@timestamp":"2026-05-06T21:25:37.6258958+02:00","@version":"1","message":"Graceful shutdown complete","logger_name":"org.springframework.boot.web.embedded.tomcat.GracefulShutdown","thread_name":"tomcat-shutdown","level":"INFO","level_value":20000}
{"@timestamp":"2026-05-06T21:25:37.6303238+02:00","@version":"1","message":"Closing JPA EntityManagerFactory for persistence unit 'default'","logger_name":"org.springframework.orm.jpa.LocalContainerEntityManagerFactoryBean","thread_name":"SpringApplicationShutdownHook","level":"INFO","level_value":20000}
{"@timestamp":"2026-05-06T21:25:37.6323346+02:00","@version":"1","message":"HikariPool-1 - Shutdown initiated...","logger_name":"com.zaxxer.hikari.HikariDataSource","thread_name":"SpringApplicationShutdownHook","level":"INFO","level_value":20000}
{"@timestamp":"2026-05-06T21:25:37.6353374+02:00","@version":"1","message":"HikariPool-1 - Shutdown completed.","logger_name":"com.zaxxer.hikari.HikariDataSource","thread_name":"SpringApplicationShutdownHook","level":"INFO","level_value":20000}
{"@timestamp":"2026-05-06T21:25:45.8733441+02:00","@version":"1","message":"HV000001: Hibernate Validator 8.0.3.Final","logger_name":"org.hibernate.validator.internal.util.Version","thread_name":"background-preinit","level":"INFO","level_value":20000}
{"@timestamp":"2026-05-06T21:25:45.9191182+02:00","@version":"1","message":"Starting Application using Java 21.0.6 with PID 24276 (C:\\TI\\TI2\\TI_Semester_4\\Application_Security\\project\\back-end\\target\\classes started by marti in C:\\TI\\TI2\\TI_Semester_4\\Application_Security\\project\\back-end)","logger_name":"be.ucll.fs.project.Application","thread_name":"main","level":"INFO","level_value":20000}
{"@timestamp":"2026-05-06T21:25:45.920323+02:00","@version":"1","message":"No active profile set, falling back to 1 default profile: \"default\"","logger_name":"be.ucll.fs.project.Application","thread_name":"main","level":"INFO","level_value":20000}
{"@timestamp":"2026-05-06T21:25:46.6213445+02:00","@version":"1","message":"Bootstrapping Spring Data JPA repositories in DEFAULT mode.","logger_name":"org.springframework.data.repository.config.RepositoryConfigurationDelegate","thread_name":"main","level":"INFO","level_value":20000}
{"@timestamp":"2026-05-06T21:25:46.6852503+02:00","@version":"1","message":"Finished Spring Data repository scanning in 55 ms. Found 4 JPA repository interfaces.","logger_name":"org.springframework.data.repository.config.RepositoryConfigurationDelegate","thread_name":"main","level":"INFO","level_value":20000}
{"@timestamp":"2026-05-06T21:25:47.2219929+02:00","@version":"1","message":"Tomcat initialized with port 3000 (http)","logger_name":"org.springframework.boot.web.embedded.tomcat.TomcatWebServer","thread_name":"main","level":"INFO","level_value":20000}
{"@timestamp":"2026-05-06T21:25:47.2436287+02:00","@version":"1","message":"Initializing ProtocolHandler [\"http-nio-3000\"]","logger_name":"org.apache.coyote.http11.Http11NioProtocol","thread_name":"main","level":"INFO","level_value":20000}
{"@timestamp":"2026-05-06T21:25:47.2481635+02:00","@version":"1","message":"Starting service [Tomcat]","logger_name":"org.apache.catalina.core.StandardService","thread_name":"main","level":"INFO","level_value":20000}
{"@timestamp":"2026-05-06T21:25:47.24917+02:00","@version":"1","message":"Starting Servlet engine: [Apache Tomcat/10.1.44]","logger_name":"org.apache.catalina.core.StandardEngine","thread_name":"main","level":"INFO","level_value":20000}
{"@timestamp":"2026-05-06T21:25:47.3312153+02:00","@version":"1","message":"Initializing Spring embedded WebApplicationContext","logger_name":"org.apache.catalina.core.ContainerBase.[Tomcat].[localhost].[/]","thread_name":"main","level":"INFO","level_value":20000}
{"@timestamp":"2026-05-06T21:25:47.332213+02:00","@version":"1","message":"Root WebApplicationContext: initialization completed in 1377 ms","logger_name":"org.springframework.boot.web.servlet.context.ServletWebServerApplicationContext","thread_name":"main","level":"INFO","level_value":20000}
{"@timestamp":"2026-05-06T21:25:47.4533271+02:00","@version":"1","message":"HikariPool-1 - Starting...","logger_name":"com.zaxxer.hikari.HikariDataSource","thread_name":"main","level":"INFO","level_value":20000}
{"@timestamp":"2026-05-06T21:25:47.7414218+02:00","@version":"1","message":"HikariPool-1 - Added connection org.postgresql.jdbc.PgConnection@382d549a","logger_name":"com.zaxxer.hikari.pool.HikariPool","thread_name":"main","level":"INFO","level_value":20000}
{"@timestamp":"2026-05-06T21:25:47.7434219+02:00","@version":"1","message":"HikariPool-1 - Start completed.","logger_name":"com.zaxxer.hikari.HikariDataSource","thread_name":"main","level":"INFO","level_value":20000}
{"@timestamp":"2026-05-06T21:25:47.8934492+02:00","@version":"1","message":"HHH000204: Processing PersistenceUnitInfo [name: default]","logger_name":"org.hibernate.jpa.internal.util.LogHelper","thread_name":"main","level":"INFO","level_value":20000}
{"@timestamp":"2026-05-06T21:25:47.9446621+02:00","@version":"1","message":"HHH000412: Hibernate ORM core version 6.6.26.Final","logger_name":"org.hibernate.Version","thread_name":"main","level":"INFO","level_value":20000}
{"@timestamp":"2026-05-06T21:25:47.9854591+02:00","@version":"1","message":"HHH000026: Second-level cache disabled","logger_name":"org.hibernate.cache.internal.RegionFactoryInitiator","thread_name":"main","level":"INFO","level_value":20000}
{"@timestamp":"2026-05-06T21:25:48.2764102+02:00","@version":"1","message":"No LoadTimeWeaver setup: ignoring JPA class transformer","logger_name":"org.springframework.orm.jpa.persistenceunit.SpringPersistenceUnitInfo","thread_name":"main","level":"INFO","level_value":20000}
{"@timestamp":"2026-05-06T21:25:48.3756852+02:00","@version":"1","message":"HHH10001005: Database info:\n\tDatabase JDBC URL [Connecting through datasource 'HikariDataSource (HikariPool-1)']\n\tDatabase driver: undefined/unknown\n\tDatabase version: 18.0\n\tAutocommit mode: undefined/unknown\n\tIsolation level: undefined/unknown\n\tMinimum pool size: undefined/unknown\n\tMaximum pool size: undefined/unknown","logger_name":"org.hibernate.orm.connections.pooling","thread_name":"main","level":"INFO","level_value":20000}
{"@timestamp":"2026-05-06T21:25:49.451068+02:00","@version":"1","message":"HHH000489: No JTA platform available (set 'hibernate.transaction.jta.platform' to enable JTA platform integration)","logger_name":"org.hibernate.engine.transaction.jta.platform.internal.JtaPlatformInitiator","thread_name":"main","level":"INFO","level_value":20000}
{"@timestamp":"2026-05-06T21:25:49.4545808+02:00","@version":"1","message":"Initialized JPA EntityManagerFactory for persistence unit 'default'","logger_name":"org.springframework.orm.jpa.LocalContainerEntityManagerFactoryBean","thread_name":"main","level":"INFO","level_value":20000}
{"@timestamp":"2026-05-06T21:25:49.9702229+02:00","@version":"1","message":"Global AuthenticationManager configured with UserDetailsService bean with name userDetailsServiceImpl","logger_name":"org.springframework.security.config.annotation.authentication.configuration.InitializeUserDetailsBeanManagerConfigurer$InitializeUserDetailsManagerConfigurer","thread_name":"main","level":"INFO","level_value":20000}
{"@timestamp":"2026-05-06T21:25:49.9886093+02:00","@version":"1","message":"No secret key configured, generating a random key.","logger_name":"be.ucll.fs.project.config.SecurityConfig","thread_name":"main","level":"WARN","level_value":30000}
{"@timestamp":"2026-05-06T21:25:52.79718+02:00","@version":"1","message":"H2 console available at '/h2-console'. Database available at 'jdbc:postgresql://localhost:5432/db-project-team-20'","logger_name":"org.springframework.boot.autoconfigure.h2.H2ConsoleAutoConfiguration","thread_name":"main","level":"INFO","level_value":20000}
{"@timestamp":"2026-05-06T21:25:52.8685783+02:00","@version":"1","message":"Starting ProtocolHandler [\"http-nio-3000\"]","logger_name":"org.apache.coyote.http11.Http11NioProtocol","thread_name":"main","level":"INFO","level_value":20000}
{"@timestamp":"2026-05-06T21:25:52.8854318+02:00","@version":"1","message":"Tomcat started on port 3000 (http) with context path '/'","logger_name":"org.springframework.boot.web.embedded.tomcat.TomcatWebServer","thread_name":"main","level":"INFO","level_value":20000}
{"@timestamp":"2026-05-06T21:25:52.8937584+02:00","@version":"1","message":"Started Application in 7.617 seconds (process running for 7.944)","logger_name":"be.ucll.fs.project.Application","thread_name":"main","level":"INFO","level_value":20000}
{"@timestamp":"2026-05-06T21:25:56.1399814+02:00","@version":"1","message":"Initializing Spring DispatcherServlet 'dispatcherServlet'","logger_name":"org.apache.catalina.core.ContainerBase.[Tomcat].[localhost].[/]","thread_name":"http-nio-3000-exec-1","level":"INFO","level_value":20000}
{"@timestamp":"2026-05-06T21:25:56.1399814+02:00","@version":"1","message":"Initializing Servlet 'dispatcherServlet'","logger_name":"org.springframework.web.servlet.DispatcherServlet","thread_name":"http-nio-3000-exec-1","level":"INFO","level_value":20000}
{"@timestamp":"2026-05-06T21:25:56.1410722+02:00","@version":"1","message":"Completed initialization in 2 ms","logger_name":"org.springframework.web.servlet.DispatcherServlet","thread_name":"http-nio-3000-exec-1","level":"INFO","level_value":20000}
{"@timestamp":"2026-05-06T21:34:23.4524334+02:00","@version":"1","message":"Commencing graceful shutdown. Waiting for active requests to complete","logger_name":"org.springframework.boot.web.embedded.tomcat.GracefulShutdown","thread_name":"SpringApplicationShutdownHook","level":"INFO","level_value":20000}
{"@timestamp":"2026-05-06T21:34:23.4588906+02:00","@version":"1","message":"Graceful shutdown complete","logger_name":"org.springframework.boot.web.embedded.tomcat.GracefulShutdown","thread_name":"tomcat-shutdown","level":"INFO","level_value":20000}
{"@timestamp":"2026-05-06T21:34:23.4637458+02:00","@version":"1","message":"Closing JPA EntityManagerFactory for persistence unit 'default'","logger_name":"org.springframework.orm.jpa.LocalContainerEntityManagerFactoryBean","thread_name":"SpringApplicationShutdownHook","level":"INFO","level_value":20000}
{"@timestamp":"2026-05-06T21:34:23.4665518+02:00","@version":"1","message":"HikariPool-1 - Shutdown initiated...","logger_name":"com.zaxxer.hikari.HikariDataSource","thread_name":"SpringApplicationShutdownHook","level":"INFO","level_value":20000}
{"@timestamp":"2026-05-06T21:34:23.4685515+02:00","@version":"1","message":"HikariPool-1 - Shutdown completed.","logger_name":"com.zaxxer.hikari.HikariDataSource","thread_name":"SpringApplicationShutdownHook","level":"INFO","level_value":20000}
{"@timestamp":"2026-05-06T21:34:31.7289692+02:00","@version":"1","message":"HV000001: Hibernate Validator 8.0.3.Final","logger_name":"org.hibernate.validator.internal.util.Version","thread_name":"background-preinit","level":"INFO","level_value":20000}
{"@timestamp":"2026-05-06T21:34:31.774818+02:00","@version":"1","message":"Starting Application using Java 21.0.6 with PID 15204 (C:\\TI\\TI2\\TI_Semester_4\\Application_Security\\project\\back-end\\target\\classes started by marti in C:\\TI\\TI2\\TI_Semester_4\\Application_Security\\project\\back-end)","logger_name":"be.ucll.fs.project.Application","thread_name":"main","level":"INFO","level_value":20000}
{"@timestamp":"2026-05-06T21:34:31.774818+02:00","@version":"1","message":"No active profile set, falling back to 1 default profile: \"default\"","logger_name":"be.ucll.fs.project.Application","thread_name":"main","level":"INFO","level_value":20000}
{"@timestamp":"2026-05-06T21:34:32.4978266+02:00","@version":"1","message":"Bootstrapping Spring Data JPA repositories in DEFAULT mode.","logger_name":"org.springframework.data.repository.config.RepositoryConfigurationDelegate","thread_name":"main","level":"INFO","level_value":20000}
{"@timestamp":"2026-05-06T21:34:32.5681078+02:00","@version":"1","message":"Finished Spring Data repository scanning in 60 ms. Found 4 JPA repository interfaces.","logger_name":"org.springframework.data.repository.config.RepositoryConfigurationDelegate","thread_name":"main","level":"INFO","level_value":20000}
{"@timestamp":"2026-05-06T21:34:33.1138195+02:00","@version":"1","message":"Tomcat initialized with port 3000 (http)","logger_name":"org.springframework.boot.web.embedded.tomcat.TomcatWebServer","thread_name":"main","level":"INFO","level_value":20000}
{"@timestamp":"2026-05-06T21:34:33.1268922+02:00","@version":"1","message":"Initializing ProtocolHandler [\"http-nio-3000\"]","logger_name":"org.apache.coyote.http11.Http11NioProtocol","thread_name":"main","level":"INFO","level_value":20000}
{"@timestamp":"2026-05-06T21:34:33.1304068+02:00","@version":"1","message":"Starting service [Tomcat]","logger_name":"org.apache.catalina.core.StandardService","thread_name":"main","level":"INFO","level_value":20000}
{"@timestamp":"2026-05-06T21:34:33.1314057+02:00","@version":"1","message":"Starting Servlet engine: [Apache Tomcat/10.1.44]","logger_name":"org.apache.catalina.core.StandardEngine","thread_name":"main","level":"INFO","level_value":20000}
{"@timestamp":"2026-05-06T21:34:33.193271+02:00","@version":"1","message":"Initializing Spring embedded WebApplicationContext","logger_name":"org.apache.catalina.core.ContainerBase.[Tomcat].[localhost].[/]","thread_name":"main","level":"INFO","level_value":20000}
{"@timestamp":"2026-05-06T21:34:33.1955006+02:00","@version":"1","message":"Root WebApplicationContext: initialization completed in 1387 ms","logger_name":"org.springframework.boot.web.servlet.context.ServletWebServerApplicationContext","thread_name":"main","level":"INFO","level_value":20000}
{"@timestamp":"2026-05-06T21:34:33.3177691+02:00","@version":"1","message":"HikariPool-1 - Starting...","logger_name":"com.zaxxer.hikari.HikariDataSource","thread_name":"main","level":"INFO","level_value":20000}
{"@timestamp":"2026-05-06T21:34:33.486867+02:00","@version":"1","message":"HikariPool-1 - Added connection org.postgresql.jdbc.PgConnection@52d9d817","logger_name":"com.zaxxer.hikari.pool.HikariPool","thread_name":"main","level":"INFO","level_value":20000}
{"@timestamp":"2026-05-06T21:34:33.4881799+02:00","@version":"1","message":"HikariPool-1 - Start completed.","logger_name":"com.zaxxer.hikari.HikariDataSource","thread_name":"main","level":"INFO","level_value":20000}
{"@timestamp":"2026-05-06T21:34:33.6713856+02:00","@version":"1","message":"HHH000204: Processing PersistenceUnitInfo [name: default]","logger_name":"org.hibernate.jpa.internal.util.LogHelper","thread_name":"main","level":"INFO","level_value":20000}
{"@timestamp":"2026-05-06T21:34:33.7329601+02:00","@version":"1","message":"HHH000412: Hibernate ORM core version 6.6.26.Final","logger_name":"org.hibernate.Version","thread_name":"main","level":"INFO","level_value":20000}
{"@timestamp":"2026-05-06T21:34:33.7655895+02:00","@version":"1","message":"HHH000026: Second-level cache disabled","logger_name":"org.hibernate.cache.internal.RegionFactoryInitiator","thread_name":"main","level":"INFO","level_value":20000}
{"@timestamp":"2026-05-06T21:34:34.0066629+02:00","@version":"1","message":"No LoadTimeWeaver setup: ignoring JPA class transformer","logger_name":"org.springframework.orm.jpa.persistenceunit.SpringPersistenceUnitInfo","thread_name":"main","level":"INFO","level_value":20000}
{"@timestamp":"2026-05-06T21:34:34.0880215+02:00","@version":"1","message":"HHH10001005: Database info:\n\tDatabase JDBC URL [Connecting through datasource 'HikariDataSource (HikariPool-1)']\n\tDatabase driver: undefined/unknown\n\tDatabase version: 18.0\n\tAutocommit mode: undefined/unknown\n\tIsolation level: undefined/unknown\n\tMinimum pool size: undefined/unknown\n\tMaximum pool size: undefined/unknown","logger_name":"org.hibernate.orm.connections.pooling","thread_name":"main","level":"INFO","level_value":20000}
{"@timestamp":"2026-05-06T21:34:34.9725661+02:00","@version":"1","message":"HHH000489: No JTA platform available (set 'hibernate.transaction.jta.platform' to enable JTA platform integration)","logger_name":"org.hibernate.engine.transaction.jta.platform.internal.JtaPlatformInitiator","thread_name":"main","level":"INFO","level_value":20000}
{"@timestamp":"2026-05-06T21:34:34.9766412+02:00","@version":"1","message":"Initialized JPA EntityManagerFactory for persistence unit 'default'","logger_name":"org.springframework.orm.jpa.LocalContainerEntityManagerFactoryBean","thread_name":"main","level":"INFO","level_value":20000}
{"@timestamp":"2026-05-06T21:34:35.3550614+02:00","@version":"1","message":"Global AuthenticationManager configured with UserDetailsService bean with name userDetailsServiceImpl","logger_name":"org.springframework.security.config.annotation.authentication.configuration.InitializeUserDetailsBeanManagerConfigurer$InitializeUserDetailsManagerConfigurer","thread_name":"main","level":"INFO","level_value":20000}
{"@timestamp":"2026-05-06T21:34:35.3656057+02:00","@version":"1","message":"No secret key configured, generating a random key.","logger_name":"be.ucll.fs.project.config.SecurityConfig","thread_name":"main","level":"WARN","level_value":30000}
{"@timestamp":"2026-05-06T21:34:37.9565196+02:00","@version":"1","message":"H2 console available at '/h2-console'. Database available at 'jdbc:postgresql://localhost:5432/db-project-team-20'","logger_name":"org.springframework.boot.autoconfigure.h2.H2ConsoleAutoConfiguration","thread_name":"main","level":"INFO","level_value":20000}
{"@timestamp":"2026-05-06T21:34:38.0351362+02:00","@version":"1","message":"Starting ProtocolHandler [\"http-nio-3000\"]","logger_name":"org.apache.coyote.http11.Http11NioProtocol","thread_name":"main","level":"INFO","level_value":20000}
{"@timestamp":"2026-05-06T21:34:38.0517627+02:00","@version":"1","message":"Tomcat started on port 3000 (http) with context path '/'","logger_name":"org.springframework.boot.web.embedded.tomcat.TomcatWebServer","thread_name":"main","level":"INFO","level_value":20000}
{"@timestamp":"2026-05-06T21:34:38.0577956+02:00","@version":"1","message":"Started Application in 6.919 seconds (process running for 7.275)","logger_name":"be.ucll.fs.project.Application","thread_name":"main","level":"INFO","level_value":20000}
{"@timestamp":"2026-05-06T21:34:46.3589882+02:00","@version":"1","message":"Initializing Spring DispatcherServlet 'dispatcherServlet'","logger_name":"org.apache.catalina.core.ContainerBase.[Tomcat].[localhost].[/]","thread_name":"http-nio-3000-exec-1","level":"INFO","level_value":20000}
{"@timestamp":"2026-05-06T21:34:46.3599873+02:00","@version":"1","message":"Initializing Servlet 'dispatcherServlet'","logger_name":"org.springframework.web.servlet.DispatcherServlet","thread_name":"http-nio-3000-exec-1","level":"INFO","level_value":20000}
{"@timestamp":"2026-05-06T21:34:46.360987+02:00","@version":"1","message":"Completed initialization in 1 ms","logger_name":"org.springframework.web.servlet.DispatcherServlet","thread_name":"http-nio-3000-exec-1","level":"INFO","level_value":20000}
{"@timestamp":"2026-05-06T21:37:25.7995471+02:00","@version":"1","message":"Commencing graceful shutdown. Waiting for active requests to complete","logger_name":"org.springframework.boot.web.embedded.tomcat.GracefulShutdown","thread_name":"SpringApplicationShutdownHook","level":"INFO","level_value":20000}
{"@timestamp":"2026-05-06T21:37:25.807304+02:00","@version":"1","message":"Graceful shutdown complete","logger_name":"org.springframework.boot.web.embedded.tomcat.GracefulShutdown","thread_name":"tomcat-shutdown","level":"INFO","level_value":20000}
{"@timestamp":"2026-05-06T21:37:25.8113199+02:00","@version":"1","message":"Closing JPA EntityManagerFactory for persistence unit 'default'","logger_name":"org.springframework.orm.jpa.LocalContainerEntityManagerFactoryBean","thread_name":"SpringApplicationShutdownHook","level":"INFO","level_value":20000}
{"@timestamp":"2026-05-06T21:37:25.8135827+02:00","@version":"1","message":"HikariPool-1 - Shutdown initiated...","logger_name":"com.zaxxer.hikari.HikariDataSource","thread_name":"SpringApplicationShutdownHook","level":"INFO","level_value":20000}
{"@timestamp":"2026-05-06T21:37:25.8171016+02:00","@version":"1","message":"HikariPool-1 - Shutdown completed.","logger_name":"com.zaxxer.hikari.HikariDataSource","thread_name":"SpringApplicationShutdownHook","level":"INFO","level_value":20000}
{"@timestamp":"2026-05-06T21:37:34.0753748+02:00","@version":"1","message":"HV000001: Hibernate Validator 8.0.3.Final","logger_name":"org.hibernate.validator.internal.util.Version","thread_name":"background-preinit","level":"INFO","level_value":20000}
{"@timestamp":"2026-05-06T21:37:34.1253539+02:00","@version":"1","message":"Starting Application using Java 21.0.6 with PID 24608 (C:\\TI\\TI2\\TI_Semester_4\\Application_Security\\project\\back-end\\target\\classes started by marti in C:\\TI\\TI2\\TI_Semester_4\\Application_Security\\project\\back-end)","logger_name":"be.ucll.fs.project.Application","thread_name":"main","level":"INFO","level_value":20000}
{"@timestamp":"2026-05-06T21:37:34.1263532+02:00","@version":"1","message":"No active profile set, falling back to 1 default profile: \"default\"","logger_name":"be.ucll.fs.project.Application","thread_name":"main","level":"INFO","level_value":20000}
{"@timestamp":"2026-05-06T21:37:35.0243624+02:00","@version":"1","message":"Bootstrapping Spring Data JPA repositories in DEFAULT mode.","logger_name":"org.springframework.data.repository.config.RepositoryConfigurationDelegate","thread_name":"main","level":"INFO","level_value":20000}
{"@timestamp":"2026-05-06T21:37:35.1253277+02:00","@version":"1","message":"Finished Spring Data repository scanning in 88 ms. Found 4 JPA repository interfaces.","logger_name":"org.springframework.data.repository.config.RepositoryConfigurationDelegate","thread_name":"main","level":"INFO","level_value":20000}
{"@timestamp":"2026-05-06T21:37:35.683314+02:00","@version":"1","message":"Tomcat initialized with port 3000 (http)","logger_name":"org.springframework.boot.web.embedded.tomcat.TomcatWebServer","thread_name":"main","level":"INFO","level_value":20000}
{"@timestamp":"2026-05-06T21:37:35.6932797+02:00","@version":"1","message":"Initializing ProtocolHandler [\"http-nio-3000\"]","logger_name":"org.apache.coyote.http11.Http11NioProtocol","thread_name":"main","level":"INFO","level_value":20000}
{"@timestamp":"2026-05-06T21:37:35.6969441+02:00","@version":"1","message":"Starting service [Tomcat]","logger_name":"org.apache.catalina.core.StandardService","thread_name":"main","level":"INFO","level_value":20000}
{"@timestamp":"2026-05-06T21:37:35.6979487+02:00","@version":"1","message":"Starting Servlet engine: [Apache Tomcat/10.1.44]","logger_name":"org.apache.catalina.core.StandardEngine","thread_name":"main","level":"INFO","level_value":20000}
{"@timestamp":"2026-05-06T21:37:35.7574419+02:00","@version":"1","message":"Initializing Spring embedded WebApplicationContext","logger_name":"org.apache.catalina.core.ContainerBase.[Tomcat].[localhost].[/]","thread_name":"main","level":"INFO","level_value":20000}
{"@timestamp":"2026-05-06T21:37:35.758441+02:00","@version":"1","message":"Root WebApplicationContext: initialization completed in 1584 ms","logger_name":"org.springframework.boot.web.servlet.context.ServletWebServerApplicationContext","thread_name":"main","level":"INFO","level_value":20000}
{"@timestamp":"2026-05-06T21:37:35.8661394+02:00","@version":"1","message":"HikariPool-1 - Starting...","logger_name":"com.zaxxer.hikari.HikariDataSource","thread_name":"main","level":"INFO","level_value":20000}
{"@timestamp":"2026-05-06T21:37:36.0415339+02:00","@version":"1","message":"HikariPool-1 - Added connection org.postgresql.jdbc.PgConnection@49986178","logger_name":"com.zaxxer.hikari.pool.HikariPool","thread_name":"main","level":"INFO","level_value":20000}
{"@timestamp":"2026-05-06T21:37:36.0425337+02:00","@version":"1","message":"HikariPool-1 - Start completed.","logger_name":"com.zaxxer.hikari.HikariDataSource","thread_name":"main","level":"INFO","level_value":20000}
{"@timestamp":"2026-05-06T21:37:36.1668983+02:00","@version":"1","message":"HHH000204: Processing PersistenceUnitInfo [name: default]","logger_name":"org.hibernate.jpa.internal.util.LogHelper","thread_name":"main","level":"INFO","level_value":20000}
{"@timestamp":"2026-05-06T21:37:36.2203561+02:00","@version":"1","message":"HHH000412: Hibernate ORM core version 6.6.26.Final","logger_name":"org.hibernate.Version","thread_name":"main","level":"INFO","level_value":20000}
{"@timestamp":"2026-05-06T21:37:36.2553759+02:00","@version":"1","message":"HHH000026: Second-level cache disabled","logger_name":"org.hibernate.cache.internal.RegionFactoryInitiator","thread_name":"main","level":"INFO","level_value":20000}
{"@timestamp":"2026-05-06T21:37:36.5462814+02:00","@version":"1","message":"No LoadTimeWeaver setup: ignoring JPA class transformer","logger_name":"org.springframework.orm.jpa.persistenceunit.SpringPersistenceUnitInfo","thread_name":"main","level":"INFO","level_value":20000}
{"@timestamp":"2026-05-06T21:37:36.6493739+02:00","@version":"1","message":"HHH10001005: Database info:\n\tDatabase JDBC URL [Connecting through datasource 'HikariDataSource (HikariPool-1)']\n\tDatabase driver: undefined/unknown\n\tDatabase version: 18.0\n\tAutocommit mode: undefined/unknown\n\tIsolation level: undefined/unknown\n\tMinimum pool size: undefined/unknown\n\tMaximum pool size: undefined/unknown","logger_name":"org.hibernate.orm.connections.pooling","thread_name":"main","level":"INFO","level_value":20000}
{"@timestamp":"2026-05-06T21:37:37.659018+02:00","@version":"1","message":"HHH000489: No JTA platform available (set 'hibernate.transaction.jta.platform' to enable JTA platform integration)","logger_name":"org.hibernate.engine.transaction.jta.platform.internal.JtaPlatformInitiator","thread_name":"main","level":"INFO","level_value":20000}
{"@timestamp":"2026-05-06T21:37:37.663837+02:00","@version":"1","message":"Initialized JPA EntityManagerFactory for persistence unit 'default'","logger_name":"org.springframework.orm.jpa.LocalContainerEntityManagerFactoryBean","thread_name":"main","level":"INFO","level_value":20000}
{"@timestamp":"2026-05-06T21:37:38.0850241+02:00","@version":"1","message":"Global AuthenticationManager configured with UserDetailsService bean with name userDetailsServiceImpl","logger_name":"org.springframework.security.config.annotation.authentication.configuration.InitializeUserDetailsBeanManagerConfigurer$InitializeUserDetailsManagerConfigurer","thread_name":"main","level":"INFO","level_value":20000}
{"@timestamp":"2026-05-06T21:37:38.0968083+02:00","@version":"1","message":"No secret key configured, generating a random key.","logger_name":"be.ucll.fs.project.config.SecurityConfig","thread_name":"main","level":"WARN","level_value":30000}
{"@timestamp":"2026-05-06T21:37:40.9490205+02:00","@version":"1","message":"H2 console available at '/h2-console'. Database available at 'jdbc:postgresql://localhost:5432/db-project-team-20'","logger_name":"org.springframework.boot.autoconfigure.h2.H2ConsoleAutoConfiguration","thread_name":"main","level":"INFO","level_value":20000}
{"@timestamp":"2026-05-06T21:37:41.0345976+02:00","@version":"1","message":"Starting ProtocolHandler [\"http-nio-3000\"]","logger_name":"org.apache.coyote.http11.Http11NioProtocol","thread_name":"main","level":"INFO","level_value":20000}
{"@timestamp":"2026-05-06T21:37:41.0537436+02:00","@version":"1","message":"Tomcat started on port 3000 (http) with context path '/'","logger_name":"org.springframework.boot.web.embedded.tomcat.TomcatWebServer","thread_name":"main","level":"INFO","level_value":20000}
{"@timestamp":"2026-05-06T21:37:41.0612511+02:00","@version":"1","message":"Started Application in 7.609 seconds (process running for 7.935)","logger_name":"be.ucll.fs.project.Application","thread_name":"main","level":"INFO","level_value":20000}
{"@timestamp":"2026-05-06T21:37:48.1600823+02:00","@version":"1","message":"Initializing Spring DispatcherServlet 'dispatcherServlet'","logger_name":"org.apache.catalina.core.ContainerBase.[Tomcat].[localhost].[/]","thread_name":"http-nio-3000-exec-1","level":"INFO","level_value":20000}
{"@timestamp":"2026-05-06T21:37:48.1610815+02:00","@version":"1","message":"Initializing Servlet 'dispatcherServlet'","logger_name":"org.springframework.web.servlet.DispatcherServlet","thread_name":"http-nio-3000-exec-1","level":"INFO","level_value":20000}
{"@timestamp":"2026-05-06T21:37:48.1621209+02:00","@version":"1","message":"Completed initialization in 1 ms","logger_name":"org.springframework.web.servlet.DispatcherServlet","thread_name":"http-nio-3000-exec-1","level":"INFO","level_value":20000}
{"@timestamp":"2026-05-07T04:06:32.9468242+02:00","@version":"1","message":"HikariPool-1 - Thread starvation or clock leap detected (housekeeper delta=4h50m25s255ms103µs200ns).","logger_name":"com.zaxxer.hikari.pool.HikariPool","thread_name":"HikariPool-1:housekeeper","level":"WARN","level_value":30000}
{"@timestamp":"2026-05-07T10:16:19.2834735+02:00","@version":"1","message":"HikariPool-1 - Thread starvation or clock leap detected (housekeeper delta=6h9m50s574ms261µs100ns).","logger_name":"com.zaxxer.hikari.pool.HikariPool","thread_name":"HikariPool-1:housekeeper","level":"WARN","level_value":30000}
{"@timestamp":"2026-05-07T10:22:07.6664959+02:00","@version":"1","message":"HikariPool-1 - Thread starvation or clock leap detected (housekeeper delta=48s321ms403µs500ns).","logger_name":"com.zaxxer.hikari.pool.HikariPool","thread_name":"HikariPool-1:housekeeper","level":"WARN","level_value":30000}
{"@timestamp":"2026-05-07T11:32:48.3960467+02:00","@version":"1","message":"HikariPool-1 - Thread starvation or clock leap detected (housekeeper delta=1h10m40s728ms826µs800ns).","logger_name":"com.zaxxer.hikari.pool.HikariPool","thread_name":"HikariPool-1:housekeeper","level":"WARN","level_value":30000}
{"@timestamp":"2026-05-07T14:08:53.2965943+02:00","@version":"1","message":"HikariPool-1 - Thread starvation or clock leap detected (housekeeper delta=1h7m3s501ms105µs400ns).","logger_name":"com.zaxxer.hikari.pool.HikariPool","thread_name":"HikariPool-1:housekeeper","level":"WARN","level_value":30000}
{"@timestamp":"2026-05-07T15:06:50.9132317+02:00","@version":"1","message":"HikariPool-1 - Thread starvation or clock leap detected (housekeeper delta=46m57s398ms669µs600ns).","logger_name":"com.zaxxer.hikari.pool.HikariPool","thread_name":"HikariPool-1:housekeeper","level":"WARN","level_value":30000}
{"@timestamp":"2026-05-07T16:01:22.147531+02:00","@version":"1","message":"HikariPool-1 - Thread starvation or clock leap detected (housekeeper delta=54m31s233ms573µs600ns).","logger_name":"com.zaxxer.hikari.pool.HikariPool","thread_name":"HikariPool-1:housekeeper","level":"WARN","level_value":30000}
{"@timestamp":"2026-05-07T22:47:52.1332821+02:00","@version":"1","message":"HikariPool-1 - Thread starvation or clock leap detected (housekeeper delta=16m59s870ms267µs500ns).","logger_name":"com.zaxxer.hikari.pool.HikariPool","thread_name":"HikariPool-1:housekeeper","level":"WARN","level_value":30000}
{"@timestamp":"2026-05-08T10:51:30.6056687+02:00","@version":"1","message":"HikariPool-1 - Thread starvation or clock leap detected (housekeeper delta=12h3m42s12ms741µs300ns).","logger_name":"com.zaxxer.hikari.pool.HikariPool","thread_name":"HikariPool-1:housekeeper","level":"WARN","level_value":30000}
{"@timestamp":"2026-05-08T14:10:17.7153298+02:00","@version":"1","message":"HikariPool-1 - Thread starvation or clock leap detected (housekeeper delta=2h56m43s495ms833µs200ns).","logger_name":"com.zaxxer.hikari.pool.HikariPool","thread_name":"HikariPool-1:housekeeper","level":"WARN","level_value":30000}
{"@timestamp":"2026-05-08T14:13:51.2137979+02:00","@version":"1","message":"Commencing graceful shutdown. Waiting for active requests to complete","logger_name":"org.springframework.boot.web.embedded.tomcat.GracefulShutdown","thread_name":"SpringApplicationShutdownHook","level":"INFO","level_value":20000}
{"@timestamp":"2026-05-08T14:13:51.2642871+02:00","@version":"1","message":"Graceful shutdown complete","logger_name":"org.springframework.boot.web.embedded.tomcat.GracefulShutdown","thread_name":"tomcat-shutdown","level":"INFO","level_value":20000}
{"@timestamp":"2026-05-08T14:13:51.3035364+02:00","@version":"1","message":"Closing JPA EntityManagerFactory for persistence unit 'default'","logger_name":"org.springframework.orm.jpa.LocalContainerEntityManagerFactoryBean","thread_name":"SpringApplicationShutdownHook","level":"INFO","level_value":20000}
{"@timestamp":"2026-05-08T14:13:51.3384202+02:00","@version":"1","message":"HikariPool-1 - Shutdown initiated...","logger_name":"com.zaxxer.hikari.HikariDataSource","thread_name":"SpringApplicationShutdownHook","level":"INFO","level_value":20000}
{"@timestamp":"2026-05-08T14:13:51.3614351+02:00","@version":"1","message":"HikariPool-1 - Shutdown completed.","logger_name":"com.zaxxer.hikari.HikariDataSource","thread_name":"SpringApplicationShutdownHook","level":"INFO","level_value":20000}
